name,filer_url,filer_id,office,district,party
Aaron Dana,https://www.mainecampaignfinancedisclosure.com/public/filers/f_01kj8bcwvpfxs9gnx7ds7v5h55,f_01kj8bcwvpfxs9gnx7ds7v5h55,Senator,6,Unenrolled
Abigail Geer,https://www.mainecampaignfinancedisclosure.com/public/filers/f_01kkemta5ceeet0vfqnzxf4tm6,f_01kkemta5ceeet0vfqnzxf4tm6,Representative,86,Democratic
Adam Joseph Shaw,https://www.mainecampaignfinancedisclosure.com/public/filers/f_01kqw9ypheesfvz8nzde0m69xy,f_01kqw9ypheesfvz8nzde0m69xy,Representative,26,Unenrolled
Adam R. Lee,https://www.mainecampaignfinancedisclosure.com/public/filers/f_01k89h8gcjegf9qpwdgy2aczf6,f_01k89h8gcjegf9qpwdgy2aczf6,Representative,89,Democratic
Adrienne Paul,https://www.mainecampaignfinancedisclosure.com/public/filers/f_01kd8w6ftve6dak61qbjfd3zct,f_01kd8w6ftve6dak61qbjfd3zct,Representative,85,Republican
Alan Lee Orcutt,https://www.mainecampaignfinancedisclosure.com/public/filers/f_01kf4eat87emk8zw7zvjnqyhb2,f_01kf4eat87emk8zw7zvjnqyhb2,Representative,37,Democratic
Albert Joy,https://www.mainecampaignfinancedisclosure.com/public/filers/f_01kmrnv0tzfshvz99arsnhz34g,f_01kmrnv0tzfshvz99arsnhz34g,Sheriff,-,Unenrolled
Alexander Kenneth Murchison,https://www.mainecampaignfinancedisclosure.com/public/filers/f_01k89h8gcjegf9qpwdjcrsf6kx,f_01k89h8gcjegf9qpwdjcrsf6kx,Governor,-,Unenrolled
Alexandros Orestis,https://www.mainecampaignfinancedisclosure.com/public/filers/f_01k89h8gcjegf9qpwdjh195cxy,f_01k89h8gcjegf9qpwdjh195cxy,Representative,150,Democratic
Alfred Frank Schutz,https://www.mainecampaignfinancedisclosure.com/public/filers/f_01kf4eat87emk8zw806694vrsv,f_01kf4eat87emk8zw806694vrsv,Senator,32,Republican
Alicia Barnes,https://www.mainecampaignfinancedisclosure.com/public/filers/f_01kh7aw325emnss1mkgk76stge,f_01kh7aw325emnss1mkgk76stge,Representative,66,Unenrolled
Alicia Collins,https://www.mainecampaignfinancedisclosure.com/public/filers/f_01k89h8gchec793758q3df2kqk,f_01k89h8gchec793758q3df2kqk,Representative,61,Republican
Allen Anthony Daggett,https://www.mainecampaignfinancedisclosure.com/public/filers/f_01kd8w6ftve6dak61qdf582ryp,f_01kd8w6ftve6dak61qdf582ryp,Representative,134,Unenrolled
Allison Perkins,https://www.mainecampaignfinancedisclosure.com/public/filers/f_01kmjvs0z8etxv8z67agwkd6hh,f_01kmjvs0z8etxv8z67agwkd6hh,Representative,71,Democratic
Alphonzo Wagner III,https://www.mainecampaignfinancedisclosure.com/public/filers/f_01kn2v0ydhecptc53gcpk8mh26,f_01kn2v0ydhecptc53gcpk8mh26,County Commissioner,1,Republican
Amanda Collamore,https://www.mainecampaignfinancedisclosure.com/public/filers/f_01kjgfpadxexg90c2ek2tbxz1d,f_01kjgfpadxexg90c2ek2tbxz1d,Representative,68,Republican
Amanda Heath,https://www.mainecampaignfinancedisclosure.com/public/filers/f_01kh53e0fcejjbpw9eztbr958y,f_01kh53e0fcejjbpw9eztbr958y,Senator,15,Democratic
Ambureen Rana,https://www.mainecampaignfinancedisclosure.com/public/filers/f_01kh7py2t8eptvk536vv6t74av,f_01kh7py2t8eptvk536vv6t74av,Representative,21,Democratic
Amy D. Kuhn,https://www.mainecampaignfinancedisclosure.com/public/filers/f_01kf4eat85e79st2re6fbvnhaf,f_01kf4eat85e79st2re6fbvnhaf,Representative,111,Democratic
Amy J Roeder,https://www.mainecampaignfinancedisclosure.com/public/filers/f_01kf4eat87emk8zw805eq8wtes,f_01kf4eat87emk8zw805eq8wtes,Senator,9,Democratic
Amy Leshure,https://www.mainecampaignfinancedisclosure.com/public/filers/f_01kh54mpjzetdbsge83t58m804,f_01kh54mpjzetdbsge83t58m804,County Commissioner,3,Democratic
Amy M. Ouellette,https://www.mainecampaignfinancedisclosure.com/public/filers/f_01k89h8gcjegf9qpwdjq274nba,f_01k89h8gcjegf9qpwdjq274nba,Register of Deeds,North,Democratic
Andrew Gattine,https://www.mainecampaignfinancedisclosure.com/public/filers/f_01kjve1c8tfaeav5bv9g3xmf4x,f_01kjve1c8tfaeav5bv9g3xmf4x,Representative,126,Democratic
Andrew Laverdiere,https://www.mainecampaignfinancedisclosure.com/public/filers/f_01kj8r7chtftysh4585hd8v35v,f_01kj8r7chtftysh4585hd8v35v,Representative,21,Republican
Andrew Parker,https://www.mainecampaignfinancedisclosure.com/public/filers/f_01khrk63bkfc9v8qct98rjbbxj,f_01khrk63bkfc9v8qct98rjbbxj,Governor,-,Unenrolled
Andrew R. Torbett,https://www.mainecampaignfinancedisclosure.com/public/filers/f_01k89h8gcjegf9qpwdm13m7rp3,f_01k89h8gcjegf9qpwdm13m7rp3,Representative,31,Republican
Andrew Zarro,https://www.mainecampaignfinancedisclosure.com/public/filers/f_01kf4eat87emk8zw7zq9knyrfg,f_01kf4eat87emk8zw7zq9knyrfg,Representative,115,Democratic
"Angus S. King, III",https://www.mainecampaignfinancedisclosure.com/public/filers/f_01k89h8gcjegf9qpwdgspj23sn,f_01k89h8gcjegf9qpwdgspj23sn,Governor,-,Democratic
Annalyse Sarvinas,https://www.mainecampaignfinancedisclosure.com/public/filers/f_01kjx6x0s7ferb3wwth1va070z,f_01kjx6x0s7ferb3wwth1va070z,Representative,51,Republican
Anne Carney,https://www.mainecampaignfinancedisclosure.com/public/filers/f_01kkq0f05cfr8vp4m31qgf7t43,f_01kkq0f05cfr8vp4m31qgf7t43,Senator,29,Democratic
Anne Graham,https://www.mainecampaignfinancedisclosure.com/public/filers/f_01kh7mxyq2ext9hgbpd5abe40f,f_01kh7mxyq2ext9hgbpd5abe40f,Representative,105,Democratic
Ann Higgins Matlack,https://www.mainecampaignfinancedisclosure.com/public/filers/f_01kd8w6ftve6dak61qabe2se84,f_01kd8w6ftve6dak61qabe2se84,Senator,12,Democratic
Annie Christy,https://www.mainecampaignfinancedisclosure.com/public/filers/f_01kkh53shrepdvrvfw6672kzns,f_01kkh53shrepdvrvfw6672kzns,Representative,123,Republican
Anthony M. Weaver,https://www.mainecampaignfinancedisclosure.com/public/filers/f_01kk2107j5f2esb7c3vm6702mt,f_01kk2107j5f2esb7c3vm6702mt,Representative,25,Republican
April Fournier,https://www.mainecampaignfinancedisclosure.com/public/filers/f_01khgv684df34r8hv39qv2dx3n,f_01khgv684df34r8hv39qv2dx3n,Representative,114,Democratic
Arlie Hetrick Jr.,https://www.mainecampaignfinancedisclosure.com/public/filers/f_01kjzxda0wf8pagve0ns51tw12,f_01kjzxda0wf8pagve0ns51tw12,Representative,77,Democratic
Arthur K. Mingo,https://www.mainecampaignfinancedisclosure.com/public/filers/f_01kkckhq5sexyt8cce350crze9,f_01kkckhq5sexyt8cce350crze9,Representative,9,Republican
Atiim Bomani Boykin,https://www.mainecampaignfinancedisclosure.com/public/filers/f_01kf4eat87emk8zw7zzjr6b8q8,f_01kf4eat87emk8zw7zzjr6b8q8,County Commissioner,5,Democratic
Austin Theriault,https://www.mainecampaignfinancedisclosure.com/public/filers/f_01kk20ee52fk8rxagvk7gwp6t0,f_01kk20ee52fk8rxagvk7gwp6t0,Representative,1,Republican
Ayn Hanselmann,https://www.mainecampaignfinancedisclosure.com/public/filers/f_01kj8g9wepfwcvvr9evsxxerer,f_01kj8g9wepfwcvvr9evsxxerer,Representative,142,Democratic
Azalea Cormier,https://www.mainecampaignfinancedisclosure.com/public/filers/f_01khcbzabeetvr2e4yqxtkcagb,f_01khcbzabeetvr2e4yqxtkcagb,Representative,80,Unenrolled
Barbara Ann Cray,https://www.mainecampaignfinancedisclosure.com/public/filers/f_01kf4eat87emk8zw803cy9a74p,f_01kf4eat87emk8zw803cy9a74p,District Attorney,6th Prosecutorial District Attorney (Knox/Lincoln/Sagadahoc/Waldo),Democratic
Barbara Anne Bagshaw,https://www.mainecampaignfinancedisclosure.com/public/filers/f_01kf4eat87emk8zw7zs70f1znk,f_01kf4eat87emk8zw7zs70f1znk,Representative,106,Republican
Benjamin Hymes,https://www.mainecampaignfinancedisclosure.com/public/filers/f_01kk233d79f0h97c3x9xyvh6x3,f_01kk233d79f0h97c3x9xyvh6x3,Representative,38,Republican
Benjamin Midgley,https://www.mainecampaignfinancedisclosure.com/public/filers/f_01k89h8gcjegf9qpwdj35cyd8c,f_01k89h8gcjegf9qpwdj35cyd8c,Governor,-,Republican
Bernard Robert Porter,https://www.mainecampaignfinancedisclosure.com/public/filers/f_01kf4eat87emk8zw803s9zw88e,f_01kf4eat87emk8zw803s9zw88e,Senator,23,Republican
Beth Seaney,https://www.mainecampaignfinancedisclosure.com/public/filers/f_01khveqr7ee5s84yway72ma1tz,f_01khveqr7ee5s84yway72ma1tz,Judge of Probate,-,Republican
Billy Bob Faulkingham,https://www.mainecampaignfinancedisclosure.com/public/filers/f_01kh7rd5bjfyts6f6rnzy853jp,f_01kh7rd5bjfyts6f6rnzy853jp,Senator,6,Republican
Bobby J Mills,https://www.mainecampaignfinancedisclosure.com/public/filers/f_01k89h8gcjegf9qpwdj6b63r4c,f_01k89h8gcjegf9qpwdj6b63r4c,County Treasurer,-,Democratic
Bradley Moulton,https://www.mainecampaignfinancedisclosure.com/public/filers/f_01kh7pnsy8f6qb2cav67pygv7f,f_01kh7pnsy8f6qb2cav67pygv7f,Representative,146,Republican
Bradley Youngs,https://www.mainecampaignfinancedisclosure.com/public/filers/f_01kf4eat87emk8zw7zxf35wt3e,f_01kf4eat87emk8zw7zxf35wt3e,Representative,106,Democratic
Brady Alden Clark,https://www.mainecampaignfinancedisclosure.com/public/filers/f_01kf4eat87emk8zw7zxa92m2rk,f_01kf4eat87emk8zw7zxa92m2rk,Representative,44,Republican
Braeden Webber,https://www.mainecampaignfinancedisclosure.com/public/filers/f_01kh546xgjef49evnsqb3g36an,f_01kh546xgjef49evnsqb3g36an,Representative,99,Republican
Breanna Pinkham Bebb,https://www.mainecampaignfinancedisclosure.com/public/filers/f_01khcfhvn8f26thaqp7s6gz65g,f_01khcfhvn8f26thaqp7s6gz65g,County Commissioner,1,Democratic
Bret Martel,https://www.mainecampaignfinancedisclosure.com/public/filers/f_01ktkk3fn7ex2be7aaxr5zrwr8,f_01ktkk3fn7ex2be7aaxr5zrwr8,Representative,95,Republican
Brett Barrett,https://www.mainecampaignfinancedisclosure.com/public/filers/f_01kq04mb2dfkfrjc6tehd0w8ad,f_01kq04mb2dfkfrjc6tehd0w8ad,Representative,100,Republican
Brian Ames,https://www.mainecampaignfinancedisclosure.com/public/filers/f_01kj8h5wwzenxsm3mdk8j80eth,f_01kj8h5wwzenxsm3mdk8j80eth,Representative,23,Republican
Brianna Lueck,https://www.mainecampaignfinancedisclosure.com/public/filers/f_01kp3fa4azfdm8rbczpey8gh6c,f_01kp3fa4azfdm8rbczpey8gh6c,Representative,79,Democratic
Brian Pellerin,https://www.mainecampaignfinancedisclosure.com/public/filers/f_01kh6k52ejffds70zk9w06p6ad,f_01kh6k52ejffds70zk9w06p6ad,Sheriff,-,Unenrolled
Brian Thomas,https://www.mainecampaignfinancedisclosure.com/public/filers/f_01knb17hzverwt9jb9bmqzzwr8,f_01knb17hzverwt9jb9bmqzzwr8,Judge of Probate,-,Democratic
Bruce Archer,https://www.mainecampaignfinancedisclosure.com/public/filers/f_01kmg5m88kevv9sd8y3ygtbae2,f_01kmg5m88kevv9sd8y3ygtbae2,Representative,5,Democratic
Bruce Bickford,https://www.mainecampaignfinancedisclosure.com/public/filers/f_01kf4eat87emk8zw8037vfnx57,f_01kf4eat87emk8zw8037vfnx57,Senator,20,Republican
Caleb Joseph Chase,https://www.mainecampaignfinancedisclosure.com/public/filers/f_01kf4eat87emk8zw802fs32kqw,f_01kf4eat87emk8zw802fs32kqw,Representative,145,Republican
Caleb Joshua NESS,https://www.mainecampaignfinancedisclosure.com/public/filers/f_01kd8w6ftve6dak61qb17c3xm1,f_01kd8w6ftve6dak61qb17c3xm1,Representative,82,Republican
Cameron Reny,https://www.mainecampaignfinancedisclosure.com/public/filers/f_01kf4eat87emk8zw802r6qsmqj,f_01kf4eat87emk8zw802r6qsmqj,Senator,13,Democratic
Carol Emery,https://www.mainecampaignfinancedisclosure.com/public/filers/f_01kh7r44mhe8c8td90np0n1b1p,f_01kh7r44mhe8c8td90np0n1b1p,Judge of Probate,-,Republican
Cassandra Anne Dove,https://www.mainecampaignfinancedisclosure.com/public/filers/f_01kmg22ceqedqb23rhh00b24ed,f_01kmg22ceqedqb23rhh00b24ed,Representative,84,Democratic
Cassie L. Julia,https://www.mainecampaignfinancedisclosure.com/public/filers/f_01kf4eat87emk8zw808v68x4xe,f_01kf4eat87emk8zw808v68x4xe,Representative,65,Democratic
Catherine Gordon,https://www.mainecampaignfinancedisclosure.com/public/filers/f_01khpg6dw8fjssyrmdph7zehyg,f_01khpg6dw8fjssyrmdph7zehyg,Senator,9,Unenrolled
Catherine H Moore,https://www.mainecampaignfinancedisclosure.com/public/filers/f_01kf4eat87emk8zw8079ecg1q7,f_01kf4eat87emk8zw8079ecg1q7,Register of Probate,-,Republican
Chad Richard Perkins,https://www.mainecampaignfinancedisclosure.com/public/filers/f_01k89h8gcjegf9qpwdjyem3kpv,f_01k89h8gcjegf9qpwdjyem3kpv,Senator,4,Republican
Chad Syphers,https://www.mainecampaignfinancedisclosure.com/public/filers/f_01knpwtd8kedya2qb543bk6y98,f_01knpwtd8kedya2qb543bk6y98,Representative,93,Republican
Charles Edward Tilburg,https://www.mainecampaignfinancedisclosure.com/public/filers/f_01kd8w6ftweefsxt0c9fdgtr40,f_01kd8w6ftweefsxt0c9fdgtr40,Representative,137,Democratic
"Charles Hippler, IV",https://www.mainecampaignfinancedisclosure.com/public/filers/f_01kh9af49vfg4aa1zk0wwbfqdw,f_01kh9af49vfg4aa1zk0wwbfqdw,Representative,55,Republican
Charlotte Nutt,https://www.mainecampaignfinancedisclosure.com/public/filers/f_01kf4eat87emk8zw7zqh9vc9yv,f_01kf4eat87emk8zw7zqh9vc9yv,Representative,48,Democratic
Chelsea Lynds,https://www.mainecampaignfinancedisclosure.com/public/filers/f_01kk472nqzfgh8nsqjvq02gzdn,f_01kk472nqzfgh8nsqjvq02gzdn,District Attorney,5th Prosecutorial District Attorney (Penobscot/Piscataquis),Democratic
Cherri L Crockett,https://www.mainecampaignfinancedisclosure.com/public/filers/f_01kf4eat87emk8zw7zxsbp1jrm,f_01kf4eat87emk8zw7zxsbp1jrm,Register of Deeds,-,Republican
Cheryl A Golek,https://www.mainecampaignfinancedisclosure.com/public/filers/f_01kf4eat87emk8zw803b1rxvvz,f_01kf4eat87emk8zw803b1rxvvz,Representative,99,Democratic
Cheryl Hewes,https://www.mainecampaignfinancedisclosure.com/public/filers/f_01kjxc6qyvf5hb3rnjp3hrypzg,f_01kjxc6qyvf5hb3rnjp3hrypzg,Senator,7,Republican
Chester B. Grover III,https://www.mainecampaignfinancedisclosure.com/public/filers/f_01kf4eat87emk8zw7zxhdfxmn7,f_01kf4eat87emk8zw7zxhdfxmn7,Representative,47,Republican
Chris P Austin,https://www.mainecampaignfinancedisclosure.com/public/filers/f_01kd8w6ftweefsxt0catda4wkv,f_01kd8w6ftweefsxt0catda4wkv,Representative,43,Republican
Christina Mitchell,https://www.mainecampaignfinancedisclosure.com/public/filers/f_01kh7p4z7gecdv7wkwc3ekmxyn,f_01kh7p4z7gecdv7wkwc3ekmxyn,Representative,110,Democratic
Christopher Alfred Lewey,https://www.mainecampaignfinancedisclosure.com/public/filers/f_01kd8w6ftve6dak61qbwrd7k2b,f_01kd8w6ftve6dak61qbwrd7k2b,Representative,82,Democratic
Christopher Easton,https://www.mainecampaignfinancedisclosure.com/public/filers/f_01kh540px5fc9t4q0ydv9wpgg3,f_01kh540px5fc9t4q0ydv9wpgg3,Representative,81,Democratic
Christopher J Davis,https://www.mainecampaignfinancedisclosure.com/public/filers/f_01kf4eat87emk8zw805782mwdd,f_01kf4eat87emk8zw805782mwdd,County Treasurer,-,Republican
Christopher Robert Wainwright,https://www.mainecampaignfinancedisclosure.com/public/filers/f_01kf4eat87emk8zw80003zr9yr,f_01kf4eat87emk8zw80003zr9yr,Sheriff,-,Republican
Clifford Noyes,https://www.mainecampaignfinancedisclosure.com/public/filers/f_01kp65hmj3f0cvb6rz3yxfgbcz,f_01kp65hmj3f0cvb6rz3yxfgbcz,Representative,15,Unenrolled
Clifton Foster,https://www.mainecampaignfinancedisclosure.com/public/filers/f_01kpy22g9kfxfsg5vmxwpdc3py,f_01kpy22g9kfxfsg5vmxwpdc3py,Representative,36,Democratic
Clinton  Brooks,https://www.mainecampaignfinancedisclosure.com/public/filers/f_01kkyf9r4feyct0155j1gyz7as,f_01kkyf9r4feyct0155j1gyz7as,Representative,76,Unenrolled
Clinton Collamore,https://www.mainecampaignfinancedisclosure.com/public/filers/f_01kf4eat87emk8zw805hf3gecd,f_01kf4eat87emk8zw805hf3gecd,Representative,45,Unenrolled
Clinton Phinney Jr.,https://www.mainecampaignfinancedisclosure.com/public/filers/f_01kh991tnqfths1f70tf6e9k5x,f_01kh991tnqfths1f70tf6e9k5x,Representative,141,Republican
Colleen O'Neal,https://www.mainecampaignfinancedisclosure.com/public/filers/f_01kkvygx9gf1ta57q9yq2rxhqe,f_01kkvygx9gf1ta57q9yq2rxhqe,Representative,22,Republican
Coreene Baumann,https://www.mainecampaignfinancedisclosure.com/public/filers/f_01kn2atgw5e15bsrq1t53wnzvk,f_01kn2atgw5e15bsrq1t53wnzvk,County Commissioner,7,Republican
Corey Leigh Bagley,https://www.mainecampaignfinancedisclosure.com/public/filers/f_01k89h8gchec793758nwg004qj,f_01k89h8gchec793758nwg004qj,Sheriff,-,Republican
Corey Pearson,https://www.mainecampaignfinancedisclosure.com/public/filers/f_01ktsawydbezrs82mxd7f2zgf9,f_01ktsawydbezrs82mxd7f2zgf9,Register of Probate,-,Unenrolled
Corey Stephen Bouchard,https://www.mainecampaignfinancedisclosure.com/public/filers/f_01kd8w6ftve6dak61q9ybkaw91,f_01kd8w6ftve6dak61q9ybkaw91,Representative,88,Democratic
Corinna Cole,https://www.mainecampaignfinancedisclosure.com/public/filers/f_01kf4eat87emk8zw808gp5h03v,f_01kf4eat87emk8zw808gp5h03v,Representative,144,Unenrolled
Cory Raymond,https://www.mainecampaignfinancedisclosure.com/public/filers/f_01kh7sp9p3fgtv5kbpq4t939pj,f_01kh7sp9p3fgtv5kbpq4t939pj,Representative,41,Republican
Courtney Hammond,https://www.mainecampaignfinancedisclosure.com/public/filers/f_01knsxgd32exkaasy7fqy4zz0g,f_01knsxgd32exkaasy7fqy4zz0g,County Commissioner,3,Republican
Craig Hickman,https://www.mainecampaignfinancedisclosure.com/public/filers/f_01k89h8gcjegf9qpwdg9yraz62,f_01k89h8gcjegf9qpwdg9yraz62,Senator,14,Democratic
Cynthia Soma-Hernandez,https://www.mainecampaignfinancedisclosure.com/public/filers/f_01kka0qrbsfzdrf7brrnbrkkfa,f_01kka0qrbsfzdrf7brrnbrkkfa,Representative,72,Democratic
Cyprien Johnson,https://www.mainecampaignfinancedisclosure.com/public/filers/f_01ktbyjkrqfkns66vs431he3hq,f_01ktbyjkrqfkns66vs431he3hq,County Commissioner,4,Unenrolled
Dakota Dupuis,https://www.mainecampaignfinancedisclosure.com/public/filers/f_01kd8w6ftve6dak61qc75rhqq8,f_01kd8w6ftve6dak61qc75rhqq8,Sheriff,-,Democratic
Dale John Crafts,https://www.mainecampaignfinancedisclosure.com/public/filers/f_01kf4eat87emk8zw7zwbq9rs0h,f_01kf4eat87emk8zw7zwbq9rs0h,Representative,97,Republican
Dale Lancaster,https://www.mainecampaignfinancedisclosure.com/public/filers/f_01khbnz3c0f0cstjddv300v4at,f_01khbnz3c0f0cstjddv300v4at,Sheriff,-,Unenrolled
Dana Marie Appleby,https://www.mainecampaignfinancedisclosure.com/public/filers/f_01kn23339keq8v2thmj33r5qvt,f_01kn23339keq8v2thmj33r5qvt,Representative,1,Democratic
Dana Staples,https://www.mainecampaignfinancedisclosure.com/public/filers/f_01kh530xyse9pa9c702nb29aea,f_01kh530xyse9pa9c702nb29aea,Representative,88,Democratic
Daniel Daley,https://www.mainecampaignfinancedisclosure.com/public/filers/f_01kh6fdw5qeyvawhm7btwkzv86,f_01kh6fdw5qeyvawhm7btwkzv86,Representative,10,Republican
Daniel Joseph Ankeles,https://www.mainecampaignfinancedisclosure.com/public/filers/f_01kf4eat87emk8zw7zvwcwrnvd,f_01kf4eat87emk8zw7zvwcwrnvd,Representative,100,Democratic
Daniel LaPointe,https://www.mainecampaignfinancedisclosure.com/public/filers/f_01kh93ky4pf5psgxm3p8nyaqs1,f_01kh93ky4pf5psgxm3p8nyaqs1,Representative,24,Republican
Daniel Sayre,https://www.mainecampaignfinancedisclosure.com/public/filers/f_01kd8w6ftve6dak61qdwd3tm92,f_01kd8w6ftve6dak61qdwd3tm92,Senator,34,Democratic
Daniel Simonds,https://www.mainecampaignfinancedisclosure.com/public/filers/f_01kn2940f1eecb81xcpeyj53wf,f_01kn2940f1eecb81xcpeyj53wf,Representative,73,Democratic
Daniel Whitney,https://www.mainecampaignfinancedisclosure.com/public/filers/f_01kkd3cj4ceb39k07qfg9cnmea,f_01kkd3cj4ceb39k07qfg9cnmea,County Treasurer,-,Republican
Dani O'Halloran,https://www.mainecampaignfinancedisclosure.com/public/filers/f_01kf4eat87emk8zw7zyty4t5nc,f_01kf4eat87emk8zw7zyty4t5nc,Representative,20,Democratic
Danny E Costain,https://www.mainecampaignfinancedisclosure.com/public/filers/f_01k89h8gchec793758q5em2y1d,f_01k89h8gchec793758q5em2y1d,Senator,3,Republican
Darlene Perry,https://www.mainecampaignfinancedisclosure.com/public/filers/f_01kqcm6156evmtasdwjv3z2gn4,f_01kqcm6156evmtasdwjv3z2gn4,Register of Probate,-,Republican
David Corbett,https://www.mainecampaignfinancedisclosure.com/public/filers/f_01kn08ehd0ex7990b1a167vb08,f_01kn08ehd0ex7990b1a167vb08,Sheriff,-,Republican
David Duguay,https://www.mainecampaignfinancedisclosure.com/public/filers/f_01kqsn38yhf6sbk53n7tfpb3rs,f_01kqsn38yhf6sbk53n7tfpb3rs,Senator,19,Unenrolled
David G. Haggan,https://www.mainecampaignfinancedisclosure.com/public/filers/f_01kf4eat87emk8zw80332jnkf9,f_01kf4eat87emk8zw80332jnkf9,Senator,10,Republican
David Giles,https://www.mainecampaignfinancedisclosure.com/public/filers/f_01k89h8gchec793758rg3x0h7a,f_01k89h8gchec793758rg3x0h7a,Representative,27,Republican
David H. McCrea,https://www.mainecampaignfinancedisclosure.com/public/filers/f_01kf4eat87emk8zw8044fd19cs,f_01kf4eat87emk8zw8044fd19cs,Representative,3,Democratic
David J Foster,https://www.mainecampaignfinancedisclosure.com/public/filers/f_01kd8w6ftve6dak61qdn7an4e1,f_01kd8w6ftve6dak61qdn7an4e1,Governor,-,Republican
David John Jones,https://www.mainecampaignfinancedisclosure.com/public/filers/f_01k89h8gcjegf9qpwdgpxwtedt,f_01k89h8gcjegf9qpwdgpxwtedt,Governor,-,Republican
David Marshall,https://www.mainecampaignfinancedisclosure.com/public/filers/f_01krc3dqjwefz8ethv9yrd76ze,f_01krc3dqjwefz8ethv9yrd76ze,County Commissioner,3,Republican
David Potvin,https://www.mainecampaignfinancedisclosure.com/public/filers/f_01knsyfdnsetyrcbw079p8sbz7,f_01knsyfdnsetyrcbw079p8sbz7,Representative,57,Republican
David Roland Mongeau II,https://www.mainecampaignfinancedisclosure.com/public/filers/f_01kd8w6ftve6dak61q8wmzh7dy,f_01kd8w6ftve6dak61q8wmzh7dy,Representative,141,Unenrolled
David Sinclair,https://www.mainecampaignfinancedisclosure.com/public/filers/f_01kh7q2ysefn8tvdxq131wrxr4,f_01kh7q2ysefn8tvdxq131wrxr4,Representative,50,Democratic
David Ulrich,https://www.mainecampaignfinancedisclosure.com/public/filers/f_01kpr44cfhfsvv1rk0cy7p2rc0,f_01kpr44cfhfsvv1rk0cy7p2rc0,Representative,19,Democratic
"David Wayne Boyer, Jr.",https://www.mainecampaignfinancedisclosure.com/public/filers/f_01k89h8gchec793758pc2maqwk,f_01k89h8gchec793758pc2maqwk,Representative,87,Republican
David Wayne Guilmette,https://www.mainecampaignfinancedisclosure.com/public/filers/f_01kd8w6ftweefsxt0caxv1fsas,f_01kd8w6ftweefsxt0caxv1fsas,Representative,52,Republican
DEAN CRAY,https://www.mainecampaignfinancedisclosure.com/public/filers/f_01kjfw883mfg58grpjdsqd46ee,f_01kjfw883mfg58grpjdsqd46ee,Representative,69,Republican
Deane Rykerson,https://www.mainecampaignfinancedisclosure.com/public/filers/f_01kd8w6ftve6dak61qc28b2kj0,f_01kd8w6ftve6dak61qc28b2kj0,Senator,35,Democratic
Dean LePage,https://www.mainecampaignfinancedisclosure.com/public/filers/f_01kna1kf0qeykvrk4ynzb3tgmg,f_01kna1kf0qeykvrk4ynzb3tgmg,Representative,139,Democratic
Debora Farnham,https://www.mainecampaignfinancedisclosure.com/public/filers/f_01kjfq1cmjf3b9m3rgheh7cqnh,f_01kjfq1cmjf3b9m3rgheh7cqnh,Representative,35,Democratic
Denise Tepler,https://www.mainecampaignfinancedisclosure.com/public/filers/f_01kf4eat87emk8zw7zsb2b85fw,f_01kf4eat87emk8zw7zsb2b85fw,Senator,24,Democratic
Dennis Mahar,https://www.mainecampaignfinancedisclosure.com/public/filers/f_01kn4h3hscettbpe1n5z0v65gk,f_01kn4h3hscettbpe1n5z0v65gk,Judge of Probate,-,Democratic
Derek Allen Levasseur,https://www.mainecampaignfinancedisclosure.com/public/filers/f_01kd8w6ftve6dak61qd6j9nk3m,f_01kd8w6ftve6dak61qd6j9nk3m,Governor,-,Unenrolled
Devan Arnold,https://www.mainecampaignfinancedisclosure.com/public/filers/f_01kmr963pqesqrryyzjgg5yg4j,f_01kmr963pqesqrryyzjgg5yg4j,Representative,27,Democratic
Dexter 'Buzz' Bridges,https://www.mainecampaignfinancedisclosure.com/public/filers/f_01kkvvwpprek3b2x5fyxvmbmpb,f_01kkvvwpprek3b2x5fyxvmbmpb,Representative,58,Republican
Diana Kushnar,https://www.mainecampaignfinancedisclosure.com/public/filers/f_01kh520nqvfb49vj94drp9twss,f_01kh520nqvfb49vj94drp9twss,Representative,109,Republican
D. Michael Ray,https://www.mainecampaignfinancedisclosure.com/public/filers/f_01kf4eat87emk8zw804hsgnc0v,f_01kf4eat87emk8zw804hsgnc0v,Representative,40,Democratic
Domingo Torres,https://www.mainecampaignfinancedisclosure.com/public/filers/f_01kz3xbrc5fpxvvgkfq7knbv6n,f_01kz3xbrc5fpxvvgkfq7knbv6n,Representative,142,Republican
Donald Ardell,https://www.mainecampaignfinancedisclosure.com/public/filers/f_01kjtcvk1xe0nbttq47wp378rx,f_01kjtcvk1xe0nbttq47wp378rx,Representative,6,Republican
Donald Skillings,https://www.mainecampaignfinancedisclosure.com/public/filers/f_01kr17n3x7er1bzsksbm7n9p34,f_01kr17n3x7er1bzsksbm7n9p34,County Commissioner,2,Unenrolled
Donna Bailey,https://www.mainecampaignfinancedisclosure.com/public/filers/f_01kd8w6ftve6dak61qe088snh8,f_01kd8w6ftve6dak61qe088snh8,Senator,31,Democratic
Doris Ortiz,https://www.mainecampaignfinancedisclosure.com/public/filers/f_01khsb7fmkejbrfwnmv4pj98nk,f_01khsb7fmkejbrfwnmv4pj98nk,County Commissioner,2,Democratic
Douglas A. Thomas,https://www.mainecampaignfinancedisclosure.com/public/filers/f_01kd8w6ftve6dak61qcss7qedk,f_01kd8w6ftve6dak61qcss7qedk,Representative,72,Republican
Douglas Colburn Carlisle Jr,https://www.mainecampaignfinancedisclosure.com/public/filers/f_01kd8w6ftve6dak61qag0hdrt0,f_01kd8w6ftve6dak61qag0hdrt0,Representative,5,Republican
Dr. Lucien Daigle,https://www.mainecampaignfinancedisclosure.com/public/filers/f_01kf4eat85e79st2re6bc8f0jc,f_01kf4eat85e79st2re6bc8f0jc,Senator,1,Republican
Earl Ireland,https://www.mainecampaignfinancedisclosure.com/public/filers/f_01khvwm21ge9cbgegk682ya97x,f_01khvwm21ge9cbgegk682ya97x,County Commissioner,4,Republican
"Earl Martin, Jr.",https://www.mainecampaignfinancedisclosure.com/public/filers/f_01kjdx2kvyf4atyzbva3h17rx0,f_01kjdx2kvyf4atyzbva3h17rx0,County Commissioner,5,Republican
Edward Glaser,https://www.mainecampaignfinancedisclosure.com/public/filers/f_01km0mwsqzefzr9qdn8q53sfvn,f_01km0mwsqzefzr9qdn8q53sfvn,County Commissioner,1,Democratic
Edward L. Paradis,https://www.mainecampaignfinancedisclosure.com/public/filers/f_01kk20nmstecqva6b5aepqx38z,f_01kk20nmstecqva6b5aepqx38z,Representative,26,Republican
Edward Mathias Kamin III,https://www.mainecampaignfinancedisclosure.com/public/filers/f_01knsvqcw6fghbq2wvdfeyv1ph,f_01knsvqcw6fghbq2wvdfeyv1ph,Representative,12,Unenrolled
Edwin M. Mitchell,https://www.mainecampaignfinancedisclosure.com/public/filers/f_01kf4eat87emk8zw7zt07ztc0j,f_01kf4eat87emk8zw7zt07ztc0j,Senator,13,Unenrolled
Eleanor Sato,https://www.mainecampaignfinancedisclosure.com/public/filers/f_01khcgp2gcfkcbj9xjddrw1gy0,f_01khcgp2gcfkcbj9xjddrw1gy0,Senator,30,Democratic
Elizabeth Caruso,https://www.mainecampaignfinancedisclosure.com/public/filers/f_01kd8w6ftweefsxt0camvr8f9j,f_01kd8w6ftweefsxt0camvr8f9j,Senator,5,Republican
Elizabeth D. Bosworth,https://www.mainecampaignfinancedisclosure.com/public/filers/f_01kf4eat87emk8zw806vtshgkm,f_01kf4eat87emk8zw806vtshgkm,Senator,18,Democratic
Emily Dingman,https://www.mainecampaignfinancedisclosure.com/public/filers/f_01kmqnkp3aex5vze908k5s9jbd,f_01kmqnkp3aex5vze908k5s9jbd,Representative,91,Democratic
Eric Boothroyd,https://www.mainecampaignfinancedisclosure.com/public/filers/f_01kmqv87vcew7b96gv3ehwmth0,f_01kmqv87vcew7b96gv3ehwmth0,Representative,31,Democratic
Eric G. Samson,https://www.mainecampaignfinancedisclosure.com/public/filers/f_01kf4eat87emk8zw801pnnfdw4,f_01kf4eat87emk8zw801pnnfdw4,Sheriff,-,Democratic
Eric H Small,https://www.mainecampaignfinancedisclosure.com/public/filers/f_01kd8w6ftve6dak61qdtsf8ynm,f_01kd8w6ftve6dak61qdtsf8ynm,Representative,143,Republican
Eric Nathanson,https://www.mainecampaignfinancedisclosure.com/public/filers/f_01khps5zhtendbww8c5n64qcxz,f_01khps5zhtendbww8c5n64qcxz,Representative,124,Democratic
Eric White,https://www.mainecampaignfinancedisclosure.com/public/filers/f_01knpxc74sens86xd3mka1w97w,f_01knpxc74sens86xd3mka1w97w,Representative,16,Republican
Erik Hobson,https://www.mainecampaignfinancedisclosure.com/public/filers/f_01kjqsh9hne1zamr8ekvtaf4np,f_01kjqsh9hne1zamr8ekvtaf4np,Representative,48,Republican
Ernest Fitts IV,https://www.mainecampaignfinancedisclosure.com/public/filers/f_01knma71g1f15r9wdzdjnwb3xm,f_01knma71g1f15r9wdzdjnwb3xm,Representative,80,Republican
Eryn Soule,https://www.mainecampaignfinancedisclosure.com/public/filers/f_01khyhyj3vexbs3x17f5mcpq2v,f_01khyhyj3vexbs3x17f5mcpq2v,Senator,21,Unenrolled
Ester Franklin,https://www.mainecampaignfinancedisclosure.com/public/filers/f_01kx1hwapafxdaq0ngc1hpajmn,f_01kx1hwapafxdaq0ngc1hpajmn,Senator,3,Democratic
Ethan Mongue,https://www.mainecampaignfinancedisclosure.com/public/filers/f_01khy973hyfr0tcv3xfpfs91aq,f_01khy973hyfr0tcv3xfpfs91aq,Representative,126,Republican
Flavia DeBrito,https://www.mainecampaignfinancedisclosure.com/public/filers/f_01khedptrpfj3t0r4arxww7sx2,f_01khedptrpfj3t0r4arxww7sx2,Representative,64,Democratic
Frank Joseph Casella,https://www.mainecampaignfinancedisclosure.com/public/filers/f_01kf4eat87emk8zw7zy6jmmzc7,f_01kf4eat87emk8zw7zy6jmmzc7,Representative,21,Republican
"Frank Mawson Blauvelt, Jr.",https://www.mainecampaignfinancedisclosure.com/public/filers/f_01kf4eat87emk8zw807p69k188,f_01kf4eat87emk8zw807p69k188,Sheriff,-,Republican
Gail Eaton,https://www.mainecampaignfinancedisclosure.com/public/filers/f_01kkf5tycyf2m80kvwmfyzbdwf,f_01kkf5tycyf2m80kvwmfyzbdwf,County Treasurer,-,Democratic
Gail J Clark,https://www.mainecampaignfinancedisclosure.com/public/filers/f_01kf4eat87emk8zw800t4bfam7,f_01kf4eat87emk8zw800t4bfam7,Register of Deeds,-,Republican
Garrett Paul Mason,https://www.mainecampaignfinancedisclosure.com/public/filers/f_01kf4eat87emk8zw801yf9banj,f_01kf4eat87emk8zw801yf9banj,Governor,-,Republican
Garrett Plummer,https://www.mainecampaignfinancedisclosure.com/public/filers/f_01kkh3pb8ye9t9nzksksy1sfz2,f_01kkh3pb8ye9t9nzksksy1sfz2,Senator,31,Republican
Gary Friedmann,https://www.mainecampaignfinancedisclosure.com/public/filers/f_01khrhbsjmej2b3nngc0pjyp3q,f_01khrhbsjmej2b3nngc0pjyp3q,Representative,14,Democratic
"Gary Gene Runnells, Jr.",https://www.mainecampaignfinancedisclosure.com/public/filers/f_01k89h8gcjegf9qpwdkcss1fz0,f_01k89h8gcjegf9qpwdkcss1fz0,Representative,16,Unenrolled
Gary McGrane,https://www.mainecampaignfinancedisclosure.com/public/filers/f_01kp93xsymexmvmq2f2n8m5b94,f_01kp93xsymexmvmq2f2n8m5b94,County Commissioner,5,Democratic
Genevieve Lemire,https://www.mainecampaignfinancedisclosure.com/public/filers/f_01kjj948ghfvz852drf972tbf4,f_01kjj948ghfvz852drf972tbf4,Representative,10,Democratic
Gino Valeriani,https://www.mainecampaignfinancedisclosure.com/public/filers/f_01kk9gaqh9e3ebt3y0h074kj8d,f_01kk9gaqh9e3ebt3y0h074kj8d,Representative,80,Republican
Glenn Chateauvert,https://www.mainecampaignfinancedisclosure.com/public/filers/f_01kjt1fm1jf0tbexr865w91j0a,f_01kjt1fm1jf0tbexr865w91j0a,County Commissioner,3,Republican
Glenn Chip Curry,https://www.mainecampaignfinancedisclosure.com/public/filers/f_01kf4eat87emk8zw7zwxef8z7f,f_01kf4eat87emk8zw7zwxef8z7f,Senator,11,Democratic
Glenn Mower,https://www.mainecampaignfinancedisclosure.com/public/filers/f_01kj2vsb12f3st36yj96vafrpy,f_01kj2vsb12f3st36yj96vafrpy,County Treasurer,-,Republican
Gordon Bell,https://www.mainecampaignfinancedisclosure.com/public/filers/f_01kns7c18yenvavgb07sseqeye,f_01kns7c18yenvavgb07sseqeye,County Commissioner,5,Republican
Gordon Frohloff,https://www.mainecampaignfinancedisclosure.com/public/filers/f_01km3y9dngf5dtp2qhe0rqy52x,f_01km3y9dngf5dtp2qhe0rqy52x,Representative,142,Republican
Gordon Powell Street,https://www.mainecampaignfinancedisclosure.com/public/filers/f_01kf4eat87emk8zw8095ykjga1,f_01kf4eat87emk8zw8095ykjga1,Representative,28,Democratic
Grayson Lookner,https://www.mainecampaignfinancedisclosure.com/public/filers/f_01kkhjx7vpfbktnqz3j3kj8jxw,f_01kkhjx7vpfbktnqz3j3kj8jxw,Representative,113,Democratic
Gregory Pierce,https://www.mainecampaignfinancedisclosure.com/public/filers/f_01kf4eat87emk8zw7zzd7wchag,f_01kf4eat87emk8zw7zzd7wchag,Senator,4,Republican
Guy Dow,https://www.mainecampaignfinancedisclosure.com/public/filers/f_01kh6mtffmfeab0c2rkv45138a,f_01kh6mtffmfeab0c2rkv45138a,Sheriff,-,Republican
Guy Lebida,https://www.mainecampaignfinancedisclosure.com/public/filers/f_01khgtmd9kfw0s1d6s9cjedg49,f_01khgtmd9kfw0s1d6s9cjedg49,Representative,98,Republican
Hannah Pingree,https://www.mainecampaignfinancedisclosure.com/public/filers/f_01k89h8gcjegf9qpwdk7sh8g2x,f_01k89h8gcjegf9qpwdk7sh8g2x,Governor,-,Democratic
Harold Hull,https://www.mainecampaignfinancedisclosure.com/public/filers/f_01kjx1zyakexy9qkgg638cymnm,f_01kjx1zyakexy9qkgg638cymnm,Senator,2,Democratic
Harold Stewart III,https://www.mainecampaignfinancedisclosure.com/public/filers/f_01kf4eat87emk8zw7zypzq9sdp,f_01kf4eat87emk8zw7zypzq9sdp,Senator,2,Republican
Harry White,https://www.mainecampaignfinancedisclosure.com/public/filers/f_01kkvzqjmvfjta321a1gkhp6bh,f_01kkvzqjmvfjta321a1gkhp6bh,Senator,30,Republican
Henry Lawrence,https://www.mainecampaignfinancedisclosure.com/public/filers/f_01kn7wt00jfrkakpzdc68sxsz0,f_01kn7wt00jfrkakpzdc68sxsz0,Representative,102,Republican
Henry L Ingwersen,https://www.mainecampaignfinancedisclosure.com/public/filers/f_01k89h8gcjegf9qpwdgfz5ayyz,f_01k89h8gcjegf9qpwdgfz5ayyz,Senator,32,Democratic
Holly Rae Eaton,https://www.mainecampaignfinancedisclosure.com/public/filers/f_01khxwqn84ftjrbcqrt8e81zgn,f_01khxwqn84ftjrbcqrt8e81zgn,Representative,15,Democratic
Holly Taylor Sargent,https://www.mainecampaignfinancedisclosure.com/public/filers/f_01kf4eat87emk8zw7zy0j60956,f_01kf4eat87emk8zw7zy0j60956,Representative,147,Democratic
H. Scott Landry,https://www.mainecampaignfinancedisclosure.com/public/filers/f_01kjtrwfqjff9vxac17ewp7jxz,f_01kjtrwfqjff9vxac17ewp7jxz,Representative,75,Democratic
Irene Gifford,https://www.mainecampaignfinancedisclosure.com/public/filers/f_01kh7mp7mqf88rwddyy03947r8,f_01kh7mp7mqf88rwddyy03947r8,Representative,28,Republican
Jack McCarthy,https://www.mainecampaignfinancedisclosure.com/public/filers/f_01kr1nwtr7frdavj6y86f2zcg9,f_01kr1nwtr7frdavj6y86f2zcg9,Representative,3,Republican
Jacob Murray Wakem,https://www.mainecampaignfinancedisclosure.com/public/filers/f_01kky9j78rehzr1k7ft4aakqav,f_01kky9j78rehzr1k7ft4aakqav,Representative,119,Republican
Jacqueline Sartoris,https://www.mainecampaignfinancedisclosure.com/public/filers/f_01khbq85pnfxvtprpxr7ckvwwr,f_01khbq85pnfxvtprpxr7ckvwwr,District Attorney,2nd Prosecutorial District Attorney (Cumberland),Democratic
James Berube,https://www.mainecampaignfinancedisclosure.com/public/filers/f_01kn4tkvnjesjbxrym6vhksxhc,f_01kn4tkvnjesjbxrym6vhksxhc,Representative,89,Republican
James Brent Kane,https://www.mainecampaignfinancedisclosure.com/public/filers/f_01kf4eat87emk8zw801k4z40az,f_01kf4eat87emk8zw801k4z40az,Sheriff,-,Republican
James Delmas Libby,https://www.mainecampaignfinancedisclosure.com/public/filers/f_01k89h8gcjegf9qpwdh0hthqbk,f_01k89h8gcjegf9qpwdh0hthqbk,Governor,-,Republican
"James E. Read, Jr.",https://www.mainecampaignfinancedisclosure.com/public/filers/f_01kkh4h3pketxt2bg483gc5r8c,f_01kkh4h3pketxt2bg483gc5r8c,Senator,25,Republican
James E Thorne,https://www.mainecampaignfinancedisclosure.com/public/filers/f_01k89h8gcjegf9qpwdky367vgq,f_01k89h8gcjegf9qpwdky367vgq,Representative,35,Republican
James F. Dill,https://www.mainecampaignfinancedisclosure.com/public/filers/f_01kf4eat87emk8zw80155agnc3,f_01kf4eat87emk8zw80155agnc3,Representative,26,Democratic
James Lee White,https://www.mainecampaignfinancedisclosure.com/public/filers/f_01k89h8gcjegf9qpwdmbj0nrhj,f_01k89h8gcjegf9qpwdmbj0nrhj,Representative,30,Republican
James McClymer,https://www.mainecampaignfinancedisclosure.com/public/filers/f_01kn23rexbe0gabby49dfzpbg8,f_01kn23rexbe0gabby49dfzpbg8,Representative,34,Democratic
James Michael Michaud,https://www.mainecampaignfinancedisclosure.com/public/filers/f_01kf4eat87emk8zw80080r9anc,f_01kf4eat87emk8zw80080r9anc,Representative,29,Republican
James Sorcek,https://www.mainecampaignfinancedisclosure.com/public/filers/f_01kf4eat87emk8zw7zz77h3gr7,f_01kf4eat87emk8zw7zz77h3gr7,Representative,90,Republican
Jamie K Newton,https://www.mainecampaignfinancedisclosure.com/public/filers/f_01kd8w6ftve6dak61q95zhtbwm,f_01kd8w6ftve6dak61q95zhtbwm,Representative,139,Republican
Janel Underwood-Charette,https://www.mainecampaignfinancedisclosure.com/public/filers/f_01kxhh7avxe2ksc2gngyhbpqwx,f_01kxhh7avxe2ksc2gngyhbpqwx,Senator,2,Democratic
Janet Beaudoin (Special),https://www.mainecampaignfinancedisclosure.com/public/filers/f_01kf4eat87emk8zw7zt9aedree,f_01kf4eat87emk8zw7zt9aedree,Representative,94,Republican
Janet Inger Beaudoin,https://www.mainecampaignfinancedisclosure.com/public/filers/f_01kf4eat87emk8zw804bxd4ct0,f_01kf4eat87emk8zw804bxd4ct0,Representative,94,Republican
Janet Jamison,https://www.mainecampaignfinancedisclosure.com/public/filers/f_01kjdd9jqne8raj6damtr1asmh,f_01kjdd9jqne8raj6damtr1asmh,County Commissioner,3,Democratic
Jantzen Stephen Craine,https://www.mainecampaignfinancedisclosure.com/public/filers/f_01kd8w6ftve6dak61q8n0axfbw,f_01kd8w6ftve6dak61q8n0axfbw,Representative,7,Republican
Jason Cherry,https://www.mainecampaignfinancedisclosure.com/public/filers/f_01kkhac7rafydaefcfm5t2xjg3,f_01kkhac7rafydaefcfm5t2xjg3,Representative,38,Democratic
Jason G Litalien,https://www.mainecampaignfinancedisclosure.com/public/filers/f_01k89h8gcjegf9qpwdh8ya7bza,f_01k89h8gcjegf9qpwdh8ya7bza,Senator,32,Unenrolled
Jason Lewis Copp,https://www.mainecampaignfinancedisclosure.com/public/filers/f_01kkckc2v4f0xa26gkkmgas14e,f_01kkckc2v4f0xa26gkkmgas14e,Representative,110,Republican
Jason Seth Cherry,https://www.mainecampaignfinancedisclosure.com/public/filers/f_01k89h8gchec793758pxeckc2h,f_01k89h8gchec793758pxeckc2h,Governor,-,Democratic
Jason Shedlock,https://www.mainecampaignfinancedisclosure.com/public/filers/f_01khbrche9enrsfpxx1ffqgjxt,f_01khbrche9enrsfpxx1ffqgjxt,Representative,120,Democratic
Jason Trundy,https://www.mainecampaignfinancedisclosure.com/public/filers/f_01kjwx2rhpfgqtwbjsws3q2d38,f_01kjwx2rhpfgqtwbjsws3q2d38,Sheriff,-,Democratic
Jean Donovan,https://www.mainecampaignfinancedisclosure.com/public/filers/f_01kn7x9z2ker0t0ere86d983be,f_01kn7x9z2ker0t0ere86d983be,Representative,14,Republican
Jedediah J. Rice,https://www.mainecampaignfinancedisclosure.com/public/filers/f_01kf4eat87emk8zw7zzprbfv8w,f_01kf4eat87emk8zw7zzprbfv8w,Representative,50,Republican
Jeff Adams,https://www.mainecampaignfinancedisclosure.com/public/filers/f_01kf4eat87emk8zw807kwz9n20,f_01kf4eat87emk8zw807kwz9n20,Representative,144,Republican
Jeff Harris,https://www.mainecampaignfinancedisclosure.com/public/filers/f_01kn04h7syegm99d0m7bpthym4,f_01kn04h7syegm99d0m7bpthym4,Representative,58,Republican
Jeffrey Gilbert,https://www.mainecampaignfinancedisclosure.com/public/filers/f_01kh7rj2m2f3vr2demskjz2bqs,f_01kh7rj2m2f3vr2demskjz2bqs,County Commissioner,5,Republican
Jeffrey Timberlake,https://www.mainecampaignfinancedisclosure.com/public/filers/f_01kh7tcd41f1kb7t96jsbjdgcs,f_01kh7tcd41f1kb7t96jsbjdgcs,Representative,91,Republican
Jennifer Levesque,https://www.mainecampaignfinancedisclosure.com/public/filers/f_01kyw3s66retx8n0cw82p3446t,f_01kyw3s66retx8n0cw82p3446t,Representative,1,Democratic
Jennifer Lynn Poirier,https://www.mainecampaignfinancedisclosure.com/public/filers/f_01kf4eat87emk8zw7zt4th9mye,f_01kf4eat87emk8zw7zt4th9mye,Representative,70,Republican
Jennifer Mayher,https://www.mainecampaignfinancedisclosure.com/public/filers/f_01kh53v1afek98sd5cgxn71est,f_01kh53v1afek98sd5cgxn71est,Representative,46,Democratic
Jeremy McArthur,https://www.mainecampaignfinancedisclosure.com/public/filers/f_01kya5q7ppffasgagpveg29c23,f_01kya5q7ppffasgagpveg29c23,Representative,65,Republican
Jessica Blanchard,https://www.mainecampaignfinancedisclosure.com/public/filers/f_01knwjnbpgf30ak3nzejgvd3r1,f_01knwjnbpgf30ak3nzejgvd3r1,Representative,69,Democratic
Jill C. Duson,https://www.mainecampaignfinancedisclosure.com/public/filers/f_01kd8w6ftve6dak61q9m0pf0tv,f_01kd8w6ftve6dak61q9m0pf0tv,Senator,27,Democratic
Joanne Mason,https://www.mainecampaignfinancedisclosure.com/public/filers/f_01kmk112pqfkrvwwjsre09bygg,f_01kmk112pqfkrvwwjsre09bygg,County Treasurer,-,Democratic
Joel Mahaffey,https://www.mainecampaignfinancedisclosure.com/public/filers/f_01kmjzhcvaem292e3fxnn9n907,f_01kmjzhcvaem292e3fxnn9n907,County Commissioner,3,Democratic
Joel R Stetkis,https://www.mainecampaignfinancedisclosure.com/public/filers/f_01k89h8gcjegf9qpwdkvsnbmqf,f_01k89h8gcjegf9qpwdkvsnbmqf,Senator,3,Republican
Johanna D Turner,https://www.mainecampaignfinancedisclosure.com/public/filers/f_01kf4eat87emk8zw808nkpr9s0,f_01kf4eat87emk8zw808nkpr9s0,County Treasurer,-,Republican
John Alsop,https://www.mainecampaignfinancedisclosure.com/public/filers/f_01kf4eat87emk8zw802nbcvcqe,f_01kf4eat87emk8zw802nbcvcqe,County Commissioner,4,Unenrolled
John Andrews,https://www.mainecampaignfinancedisclosure.com/public/filers/f_01k89h8gchec793758ntykfqfa,f_01k89h8gchec793758ntykfqfa,Senator,18,Republican
John Baldwin,https://www.mainecampaignfinancedisclosure.com/public/filers/f_01kmn2mc8hecpsehgkg0hneymq,f_01kmn2mc8hecpsehgkg0hneymq,Representative,87,Green
John Eder,https://www.mainecampaignfinancedisclosure.com/public/filers/f_01kf4eat87emk8zw7zwr5k17g8,f_01kf4eat87emk8zw7zwr5k17g8,Representative,136,Republican
"John E. Ducharme, III",https://www.mainecampaignfinancedisclosure.com/public/filers/f_01kf4eat87emk8zw7zr8s89dyy,f_01kf4eat87emk8zw7zr8s89dyy,Representative,71,Republican
John Hansen,https://www.mainecampaignfinancedisclosure.com/public/filers/f_01kmrfmrbqe0nrk9b2tetms188,f_01kmrfmrbqe0nrk9b2tetms188,Sheriff,-,Democratic
"John J. Contreni, Jr",https://www.mainecampaignfinancedisclosure.com/public/filers/f_01kmr1fshae20bjcrme2t7qkvw,f_01kmr1fshae20bjcrme2t7qkvw,Representative,30,Democratic
"John Michael Glowa, Sr.",https://www.mainecampaignfinancedisclosure.com/public/filers/f_01k89h8gchec793758rqcwhq2q,f_01k89h8gchec793758rqcwhq2q,Governor,-,Unenrolled
John Mountainland,https://www.mainecampaignfinancedisclosure.com/public/filers/f_01krgp7fyjes3rqccqqmp055r4,f_01krgp7fyjes3rqccqqmp055r4,Budget Committee,6,Republican
John Murphy Salamone,https://www.mainecampaignfinancedisclosure.com/public/filers/f_01k89h8gcjegf9qpwdkjv5a54d,f_01k89h8gcjegf9qpwdkjv5a54d,Senator,32,Republican
John Reny,https://www.mainecampaignfinancedisclosure.com/public/filers/f_01kf4eat87emk8zw7zr1mj9q75,f_01kf4eat87emk8zw7zr1mj9q75,Representative,59,Republican
John Robert Henkelman III,https://www.mainecampaignfinancedisclosure.com/public/filers/f_01kf4eat87emk8zw7ztqbvn1zh,f_01kf4eat87emk8zw7ztqbvn1zh,Representative,143,Democratic
John Wombacher,https://www.mainecampaignfinancedisclosure.com/public/filers/f_01krc4eqxkfs9sfwzy4j3gkpyh,f_01krc4eqxkfs9sfwzy4j3gkpyh,County Commissioner,2,Democratic
Jo-Jean Keller,https://www.mainecampaignfinancedisclosure.com/public/filers/f_01kh7kqdeser185x833nkteg5z,f_01kh7kqdeser185x833nkteg5z,Senator,17,Democratic
Jonathan Bush,https://www.mainecampaignfinancedisclosure.com/public/filers/f_01kd8w6ftve6dak61qaprd8ent,f_01kd8w6ftve6dak61qaprd8ent,Governor,-,Republican
Jonathan Goble,https://www.mainecampaignfinancedisclosure.com/public/filers/f_01kreae3k7fcgv7vk2hs44ampw,f_01kreae3k7fcgv7vk2hs44ampw,Representative,18,Democratic
Jonathan L. Kinney,https://www.mainecampaignfinancedisclosure.com/public/filers/f_01kf4eat87emk8zw808wzejhqt,f_01kf4eat87emk8zw808wzejhqt,Representative,138,Republican
Jonathan Reed Fallon,https://www.mainecampaignfinancedisclosure.com/public/filers/f_01kd8w6ftweefsxt0c9098mrsm,f_01kd8w6ftweefsxt0c9098mrsm,Senator,34,Republican
Joschka Winterling,https://www.mainecampaignfinancedisclosure.com/public/filers/f_01kh51rj98e8rrxtx82jgfwax8,f_01kh51rj98e8rrxtx82jgfwax8,Representative,23,Democratic
Joseph Almand,https://www.mainecampaignfinancedisclosure.com/public/filers/f_01khyfnrn2fambsbemkrmyra84,f_01khyfnrn2fambsbemkrmyra84,Representative,70,Democratic
Joseph Campbell,https://www.mainecampaignfinancedisclosure.com/public/filers/f_01kh52tx5dfm78jf5m1az0wggp,f_01kh52tx5dfm78jf5m1az0wggp,Representative,107,Democratic
Joseph Edward Martin,https://www.mainecampaignfinancedisclosure.com/public/filers/f_01kf4eat87emk8zw7zrcsdh9mh,f_01kf4eat87emk8zw7zrcsdh9mh,Senator,19,Republican
Joseph McLaughlin,https://www.mainecampaignfinancedisclosure.com/public/filers/f_01kjart9mffbwr2f7pn3twdfmp,f_01kjart9mffbwr2f7pn3twdfmp,Representative,40,Republican
Joseph Paul Guerin,https://www.mainecampaignfinancedisclosure.com/public/filers/f_01kd8w6ftve6dak61qcer3bapq,f_01kd8w6ftve6dak61qcer3bapq,Senator,4,Republican
Joseph Pietroski,https://www.mainecampaignfinancedisclosure.com/public/filers/f_01kf4eat87emk8zw8042s9q68t,f_01kf4eat87emk8zw8042s9q68t,County Commissioner,2,Republican
Joshua D. Gerritsen,https://www.mainecampaignfinancedisclosure.com/public/filers/f_01kd8w6ftweefsxt0c9925ndzz,f_01kd8w6ftweefsxt0c9925ndzz,Representative,41,Democratic
Joshua Morris,https://www.mainecampaignfinancedisclosure.com/public/filers/f_01kd8w6ftve6dak61qarpcvj50,f_01kd8w6ftve6dak61qarpcvj50,Senator,17,Republican
Julia McCabe,https://www.mainecampaignfinancedisclosure.com/public/filers/f_01kh7nszb5ezqb46skqzqjm7fy,f_01kh7nszb5ezqb46skqzqjm7fy,Representative,93,Democratic
JULIE A CURTIS,https://www.mainecampaignfinancedisclosure.com/public/filers/f_01kf4eat87emk8zw804vw6atfd,f_01kf4eat87emk8zw804vw6atfd,Register of Deeds,-,Republican
Julie Nicole Rakic,https://www.mainecampaignfinancedisclosure.com/public/filers/f_01kd8w6ftweefsxt0c9m6jvq3g,f_01kd8w6ftweefsxt0c9m6jvq3g,Senator,35,Republican
Justin Brown,https://www.mainecampaignfinancedisclosure.com/public/filers/f_01ksqm2be7em2r0ar3cw8c4scp,f_01ksqm2be7em2r0ar3cw8c4scp,Sheriff,-,Unenrolled
Justin Chenette,https://www.mainecampaignfinancedisclosure.com/public/filers/f_01kf4eat87emk8zw7zz0qp0t4r,f_01kf4eat87emk8zw7zz0qp0t4r,County Commissioner,3,Democratic
Justin Donnaruma,https://www.mainecampaignfinancedisclosure.com/public/filers/f_01ks8mcnxdezptht9n285ca44h,f_01ks8mcnxdezptht9n285ca44h,Senator,24,Unenrolled
Justin Tahai,https://www.mainecampaignfinancedisclosure.com/public/filers/f_01kh526dz9ejb99kxe4rera9pg,f_01kh526dz9ejb99kxe4rera9pg,Representative,149,Unenrolled
Karen Gerrish,https://www.mainecampaignfinancedisclosure.com/public/filers/f_01kxnemsfrfq9tbeyfryd3nnah,f_01kxnemsfrfq9tbeyfryd3nnah,Representative,144,Republican
Karen Montell,https://www.mainecampaignfinancedisclosure.com/public/filers/f_01kh7pcetre5crw1e4hexef17e,f_01kh7pcetre5crw1e4hexef17e,Representative,54,Democratic
Karin Orenstein,https://www.mainecampaignfinancedisclosure.com/public/filers/f_01kh52d1pje9sasn3zdh2k5k9z,f_01kh52d1pje9sasn3zdh2k5k9z,Representative,103,Democratic
Kari Wells-Puckett,https://www.mainecampaignfinancedisclosure.com/public/filers/f_01kkenzbdheswrm0rjx3j51924,f_01kkenzbdheswrm0rjx3j51924,District Attorney,8th Prosecutorial District Attorney (Aroostook),Democratic
Kathryn Slattery,https://www.mainecampaignfinancedisclosure.com/public/filers/f_01kjzvqjbefe7vpfdxbr2qfemd,f_01kjzvqjbefe7vpfdxbr2qfemd,District Attorney,1st Prosecutorial District Attorney (York),Democratic
Katie Brydon,https://www.mainecampaignfinancedisclosure.com/public/filers/f_01khvrhqj1eccv4m244ck7617q,f_01khvrhqj1eccv4m244ck7617q,Representative,23,Democratic
Kati L. McCormick,https://www.mainecampaignfinancedisclosure.com/public/filers/f_01kf4eat85e79st2re6hma16hc,f_01kf4eat85e79st2re6hma16hc,Senator,15,Republican
Katrina Couch Ray-Saulis,https://www.mainecampaignfinancedisclosure.com/public/filers/f_01kj8fb546fm4apty7788gbjqs,f_01kj8fb546fm4apty7788gbjqs,Representative,59,Democratic
Katrina J Smith,https://www.mainecampaignfinancedisclosure.com/public/filers/f_01kd8w6ftve6dak61q9s9hv47g,f_01kd8w6ftve6dak61q9s9hv47g,Representative,62,Republican
Kayla Miller,https://www.mainecampaignfinancedisclosure.com/public/filers/f_01km0ymgd2ey6s6xabkr20822j,f_01km0ymgd2ey6s6xabkr20822j,Representative,38,Democratic
Keith Newman,https://www.mainecampaignfinancedisclosure.com/public/filers/f_01knhetv5hetgtknce4rt0pd97,f_01knhetv5hetgtknce4rt0pd97,Representative,11,Democratic
Kelly Dearborn,https://www.mainecampaignfinancedisclosure.com/public/filers/f_01kj87wf1ze3rbf1825hh632rk,f_01kj87wf1ze3rbf1825hh632rk,Representative,108,Republican
Kelly Maureen Noonan Murphy,https://www.mainecampaignfinancedisclosure.com/public/filers/f_01kf4eat87emk8zw8090c1chtn,f_01kf4eat87emk8zw8090c1chtn,Representative,125,Democratic
Kenneth A. Capron,https://www.mainecampaignfinancedisclosure.com/public/filers/f_01k89h8gchec793758pheb4mhk,f_01k89h8gchec793758pheb4mhk,Governor,-,Republican
Kenneth Blow,https://www.mainecampaignfinancedisclosure.com/public/filers/f_01kjr2sc50faqs7p75db4pksfp,f_01kjr2sc50faqs7p75db4pksfp,Representative,131,Unenrolled
Kenneth Cianchette,https://www.mainecampaignfinancedisclosure.com/public/filers/f_01kh7qy310fp4tevqe1nefmhjt,f_01kh7qy310fp4tevqe1nefmhjt,Senator,26,Republican
Kenneth Davis,https://www.mainecampaignfinancedisclosure.com/public/filers/f_01kf4eat87emk8zw7zx7f17bj4,f_01kf4eat87emk8zw7zx7f17bj4,Senator,6,Republican
Kenneth Forrest Pinet,https://www.mainecampaignfinancedisclosure.com/public/filers/f_01k89h8gcjegf9qpwdk2hc0ghm,f_01k89h8gcjegf9qpwdk2hc0ghm,Governor,-,Democratic
Kenneth Wade Fredette,https://www.mainecampaignfinancedisclosure.com/public/filers/f_01kd8w6ftve6dak61qa4e9pmqh,f_01kd8w6ftve6dak61qa4e9pmqh,Representative,33,Republican
Kerryl Lee Clement,https://www.mainecampaignfinancedisclosure.com/public/filers/f_01kf4eat87emk8zw7ztxa2qsgj,f_01kf4eat87emk8zw7ztxa2qsgj,Representative,96,Republican
Kevin J. Joyce,https://www.mainecampaignfinancedisclosure.com/public/filers/f_01kf4eat87emk8zw804mb0bv0s,f_01kf4eat87emk8zw804mb0bv0s,Sheriff,-,Democratic
Kevin Lamoreau,https://www.mainecampaignfinancedisclosure.com/public/filers/f_01kh6gzcvaf37v72qtn1tcx2a7,f_01kh6gzcvaf37v72qtn1tcx2a7,Register of Deeds,-,Democratic
Kevin Nichols,https://www.mainecampaignfinancedisclosure.com/public/filers/f_01kh6sz6asfe1t60m1q7x7f724,f_01kh6sz6asfe1t60m1q7x7f724,Sheriff,-,Unenrolled
Kevin O'Connell,https://www.mainecampaignfinancedisclosure.com/public/filers/f_01kjsz03trfkqbtb08r512xc5r,f_01kjsz03trfkqbtb08r512xc5r,Senator,10,Democratic
Kiernan I. Majerus-Collins (Special),https://www.mainecampaignfinancedisclosure.com/public/filers/f_01kf4eat87emk8zw7ztfcjhs70,f_01kf4eat87emk8zw7ztfcjhs70,Representative,94,Democratic
Kiernan Innes Majerus-Collins,https://www.mainecampaignfinancedisclosure.com/public/filers/f_01k89h8gcjegf9qpwdhfe0t2pt,f_01k89h8gcjegf9qpwdhfe0t2pt,Representative,95,Democratic
Kilton McCarthy Webb,https://www.mainecampaignfinancedisclosure.com/public/filers/f_01kf4eat87emk8zw7zxm30va2j,f_01kf4eat87emk8zw7zxm30va2j,Representative,98,Democratic
Kimberly J. Pomerleau,https://www.mainecampaignfinancedisclosure.com/public/filers/f_01k89h8gcjegf9qpwdka2kqzvj,f_01k89h8gcjegf9qpwdka2kqzvj,Senator,22,Republican
Kimberly M. Haggan,https://www.mainecampaignfinancedisclosure.com/public/filers/f_01kf4eat87emk8zw802wn940m2,f_01kf4eat87emk8zw802wn940m2,Representative,36,Republican
Kirstan Watson,https://www.mainecampaignfinancedisclosure.com/public/filers/f_01kjj5qyg2fbysgzatktjdzzrz,f_01kjj5qyg2fbysgzatktjdzzrz,Representative,140,Democratic
Kristi Mathieson,https://www.mainecampaignfinancedisclosure.com/public/filers/f_01kh7nk4vkfw7rjt1kn8fa3bpb,f_01kh7nk4vkfw7rjt1kn8fa3bpb,Representative,151,Democratic
Kristine A. Poland,https://www.mainecampaignfinancedisclosure.com/public/filers/f_01kf4eat87emk8zw7zyac045ck,f_01kf4eat87emk8zw7zyac045ck,Representative,46,Unenrolled
Kristin Tyra Davis,https://www.mainecampaignfinancedisclosure.com/public/filers/f_01kf4eat87emk8zw8018qdk700,f_01kf4eat87emk8zw8018qdk700,Representative,145,Democratic
Lance Harvell,https://www.mainecampaignfinancedisclosure.com/public/filers/f_01k89h8gcjegf9qpwdg7gtz5vz,f_01k89h8gcjegf9qpwdg7gtz5vz,Senator,5,Republican
Larry C. Dunphy,https://www.mainecampaignfinancedisclosure.com/public/filers/f_01kf4eat87emk8zw8021zhnq1a,f_01kf4eat87emk8zw8021zhnq1a,County Commissioner,5,Unenrolled
Laura Supica,https://www.mainecampaignfinancedisclosure.com/public/filers/f_01kmrf17wsek9rtc2b6yz3pxwc,f_01kmrf17wsek9rtc2b6yz3pxwc,Representative,22,Democratic
Laurel Libby,https://www.mainecampaignfinancedisclosure.com/public/filers/f_01k89h8gcjegf9qpwdh7enr653,f_01k89h8gcjegf9qpwdh7enr653,Representative,90,Republican
Lauren Jones,https://www.mainecampaignfinancedisclosure.com/public/filers/f_01krc2bntyfhcr74j27t38mamh,f_01krc2bntyfhcr74j27t38mamh,Representative,112,Republican
Lauren Marie Grenier,https://www.mainecampaignfinancedisclosure.com/public/filers/f_01kf4eat87emk8zw80697f9je0,f_01kf4eat87emk8zw80697f9je0,Senator,31,Unenrolled
Laurie Osher,https://www.mainecampaignfinancedisclosure.com/public/filers/f_01kh7m1wzbfgsvdw68a98sd02h,f_01kh7m1wzbfgsvdw68a98sd02h,Representative,25,Democratic
"Lawrence E. Bessey, Jr.",https://www.mainecampaignfinancedisclosure.com/public/filers/f_01kf4eat87emk8zw7zxx9kwyxt,f_01kf4eat87emk8zw7zxx9kwyxt,Representative,58,Republican
Lawrence McWilliams,https://www.mainecampaignfinancedisclosure.com/public/filers/f_01kt784484e2yr55hr9rws907k,f_01kt784484e2yr55hr9rws907k,Representative,128,Unenrolled
Leo Christopher Kenney,https://www.mainecampaignfinancedisclosure.com/public/filers/f_01kd8w6ftweefsxt0caevpcc5g,f_01kd8w6ftweefsxt0caevpcc5g,Senator,8,Republican
Lisa Cesare,https://www.mainecampaignfinancedisclosure.com/public/filers/f_01kmgt2m43fpvb84k6m6c3dd3m,f_01kmgt2m43fpvb84k6m6c3dd3m,County Commissioner,7,Democratic
Lisa Kalp,https://www.mainecampaignfinancedisclosure.com/public/filers/f_01km0ngp4tfg09bt31pa7ectrs,f_01km0ngp4tfg09bt31pa7ectrs,Senator,4,Democratic
Lisa Nelthropp,https://www.mainecampaignfinancedisclosure.com/public/filers/f_01kjr28q1kfbbv2eyr33jz1nns,f_01kjr28q1kfbbv2eyr33jz1nns,Representative,113,Republican
Lisa Pratt,https://www.mainecampaignfinancedisclosure.com/public/filers/f_01km3p5h7xfsgt6n1gn650cspf,f_01km3p5h7xfsgt6n1gn650cspf,Representative,135,Democratic
Lloyd C. Herrick,https://www.mainecampaignfinancedisclosure.com/public/filers/f_01kf4eat87emk8zw803pwknzje,f_01kf4eat87emk8zw803pwknzje,County Commissioner,3,Republican
Lori Kenneson,https://www.mainecampaignfinancedisclosure.com/public/filers/f_01ky0d06saeyevqdn47948hjvy,f_01ky0d06saeyevqdn47948hjvy,Representative,5,Democratic
Louis Samuel Pfeifle,https://www.mainecampaignfinancedisclosure.com/public/filers/f_01kf4eat87emk8zw7zw65qdny7,f_01kf4eat87emk8zw7zw65qdny7,Representative,104,Unenrolled
Lucy Perkins,https://www.mainecampaignfinancedisclosure.com/public/filers/f_01kw9mfgvyevb8f4gmt6wa5cqq,f_01kw9mfgvyevb8f4gmt6wa5cqq,Representative,121,Democratic
Luke Dylan Jensen,https://www.mainecampaignfinancedisclosure.com/public/filers/f_01km65r08ae83tjkrbf4dkrev9,f_01km65r08ae83tjkrbf4dkrev9,Representative,96,Democratic
Lynn C Moore,https://www.mainecampaignfinancedisclosure.com/public/filers/f_01k89h8gcjegf9qpwdj9x14ck9,f_01k89h8gcjegf9qpwdj9x14ck9,Register of Deeds,-,Republican
Lynn Copeland,https://www.mainecampaignfinancedisclosure.com/public/filers/f_01kh7mfdvyf58sxne2fwfn4wa2,f_01kh7mfdvyf58sxne2fwfn4wa2,Representative,130,Democratic
Madison Cook,https://www.mainecampaignfinancedisclosure.com/public/filers/f_01kf4eat87emk8zw803xgpvaxq,f_01kf4eat87emk8zw803xgpvaxq,Representative,39,Democratic
Maeghan Maloney,https://www.mainecampaignfinancedisclosure.com/public/filers/f_01kjzv1py3frzry1td6phkgxsd,f_01kjzv1py3frzry1td6phkgxsd,District Attorney,4th Prosecutorial District Attorney (Kennebec/Somerset),Democratic
Mallory Aaren Cook,https://www.mainecampaignfinancedisclosure.com/public/filers/f_01kd8w6ftweefsxt0ca3d1pazm,f_01kd8w6ftweefsxt0ca3d1pazm,Representative,149,Democratic
Mana Hared Abdi,https://www.mainecampaignfinancedisclosure.com/public/filers/f_01kf4eat87emk8zw8081x2yahg,f_01kf4eat87emk8zw8081x2yahg,Senator,21,Democratic
Marc Anthony Boisse,https://www.mainecampaignfinancedisclosure.com/public/filers/f_01k89h8gchec793758p8szjznm,f_01k89h8gchec793758p8szjznm,Representative,141,Republican
Marc  Edwards,https://www.mainecampaignfinancedisclosure.com/public/filers/f_01kkyffse0e8fvh0j2vb3ctmmf,f_01kkyffse0e8fvh0j2vb3ctmmf,Representative,74,Democratic
"Marc G. Malon, II",https://www.mainecampaignfinancedisclosure.com/public/filers/f_01k89h8gcjegf9qpwdhgb4hbsj,f_01k89h8gcjegf9qpwdhgb4hbsj,Representative,133,Democratic
Marc Lessard,https://www.mainecampaignfinancedisclosure.com/public/filers/f_01kxdy7w39f6tb6zr045yyn9m1,f_01kxdy7w39f6tb6zr045yyn9m1,Representative,133,Unenrolled
Marcus Mrowka,https://www.mainecampaignfinancedisclosure.com/public/filers/f_01kf4eat87emk8zw7ztkd1wtbg,f_01kf4eat87emk8zw7ztkd1wtbg,Representative,41,Democratic
Margaret Wheeler,https://www.mainecampaignfinancedisclosure.com/public/filers/f_01knhfre61fmxsj9wdkys623sb,f_01knhfre61fmxsj9wdkys623sb,Representative,148,Democratic
Margot Joly,https://www.mainecampaignfinancedisclosure.com/public/filers/f_01kf4eat87emk8zw7zyd8s7xqb,f_01kf4eat87emk8zw7zyd8s7xqb,Judge of Probate,-,Democratic
Maria Michela Aguilo,https://www.mainecampaignfinancedisclosure.com/public/filers/f_01k89h8gchec793758nk1zc7n6,f_01k89h8gchec793758nk1zc7n6,Governor,-,Republican
Marissa Tasker,https://www.mainecampaignfinancedisclosure.com/public/filers/f_01kyq9y3yxf24v3h9y977yerc8,f_01kyq9y3yxf24v3h9y977yerc8,Representative,148,Democratic
Mark C. Cooper,https://www.mainecampaignfinancedisclosure.com/public/filers/f_01kd8w6ftve6dak61q8vxx3aea,f_01kd8w6ftve6dak61q8vxx3aea,Representative,107,Republican
Mark Frederick Zimmer,https://www.mainecampaignfinancedisclosure.com/public/filers/f_01kd8w6ftweefsxt0c9w80ws99,f_01kd8w6ftweefsxt0c9w80ws99,Representative,150,Republican
Mark M Babin,https://www.mainecampaignfinancedisclosure.com/public/filers/f_01kd8w6ftve6dak61qbc3xg3rr,f_01kd8w6ftve6dak61qbc3xg3rr,Representative,3,Republican
Mark Vigliotta,https://www.mainecampaignfinancedisclosure.com/public/filers/f_01kh7q8034emg9fjvk15q82v6n,f_01kh7q8034emg9fjvk15q82v6n,Senator,33,Democratic
Mark Walker,https://www.mainecampaignfinancedisclosure.com/public/filers/f_01kp8tc3b9e5nt1hy5wke20q0c,f_01kp8tc3b9e5nt1hy5wke20q0c,Representative,84,Republican
Marpheen Chann,https://www.mainecampaignfinancedisclosure.com/public/filers/f_01kd8w6ftweefsxt0cagpr8s9w,f_01kd8w6ftweefsxt0cagpr8s9w,County Commissioner,5,Democratic
Marshall Archer,https://www.mainecampaignfinancedisclosure.com/public/filers/f_01kf4eat87emk8zw800c5ew0rb,f_01kf4eat87emk8zw800c5ew0rb,Representative,129,Democratic
Marygrace Cimino,https://www.mainecampaignfinancedisclosure.com/public/filers/f_01kjzt5ea1ezwbdz37q1xy9g2t,f_01kjzt5ea1ezwbdz37q1xy9g2t,Representative,83,Republican
Mary Shannon Lindstrom,https://www.mainecampaignfinancedisclosure.com/public/filers/f_01khvnk58we98swfgc2j11awmw,f_01khvnk58we98swfgc2j11awmw,Representative,124,Unenrolled
Mathew David McIntyre,https://www.mainecampaignfinancedisclosure.com/public/filers/f_01kd8w6ftve6dak61qbnkd1hb6,f_01kd8w6ftve6dak61qbnkd1hb6,Representative,18,Republican
Matthea Elisabeth Larsen Daughtry,https://www.mainecampaignfinancedisclosure.com/public/filers/f_01kd8w6ftve6dak61qcqxfx67y,f_01kd8w6ftve6dak61qcqxfx67y,Senator,23,Democratic
Matthew A. Harrington,https://www.mainecampaignfinancedisclosure.com/public/filers/f_01kf4eat87emk8zw805y20tryt,f_01kf4eat87emk8zw805y20tryt,Senator,33,Republican
Matthew Channing Townsend,https://www.mainecampaignfinancedisclosure.com/public/filers/f_01kd8w6ftve6dak61q91h3rsxa,f_01kd8w6ftve6dak61q91h3rsxa,Representative,67,Democratic
Matthew D. Beck,https://www.mainecampaignfinancedisclosure.com/public/filers/f_01kf4eat87emk8zw805vf10pr2,f_01kf4eat87emk8zw805vf10pr2,Representative,122,Democratic
Matthew Foster,https://www.mainecampaignfinancedisclosure.com/public/filers/f_01kkm9ht2af70smsfn808fs5yn,f_01kkm9ht2af70smsfn808fs5yn,Judge of Probate,-,Republican
Matthew James Boucher,https://www.mainecampaignfinancedisclosure.com/public/filers/f_01kf4eat87emk8zw802jren81e,f_01kf4eat87emk8zw802jren81e,Register of Deeds,-,Republican
Matthew Kershaw,https://www.mainecampaignfinancedisclosure.com/public/filers/f_01kn4qhkcfejvscbvc5ecegev8,f_01kn4qhkcfejvscbvc5ecegev8,Representative,95,Democratic
Matthew Moonen,https://www.mainecampaignfinancedisclosure.com/public/filers/f_01kf4eat87emk8zw808fjwwyvg,f_01kf4eat87emk8zw808fjwwyvg,Representative,117,Democratic
Matthew Rush,https://www.mainecampaignfinancedisclosure.com/public/filers/f_01kjtv7x8tfhr9nytnwdmk0r8t,f_01kjtv7x8tfhr9nytnwdmk0r8t,Representative,7,Democratic
Maura H Pillsbury,https://www.mainecampaignfinancedisclosure.com/public/filers/f_01kf4eat87emk8zw8058t8vv2j,f_01kf4eat87emk8zw8058t8vv2j,Representative,102,Democratic
Maureen AuCoin,https://www.mainecampaignfinancedisclosure.com/public/filers/f_01khvfbpdmfhkrtc2cnbvvhh7f,f_01khvfbpdmfhkrtc2cnbvvhh7f,Representative,55,Democratic
Meagan Smith,https://www.mainecampaignfinancedisclosure.com/public/filers/f_01km3s9e27fjpram52qveyqvkg,f_01km3s9e27fjpram52qveyqvkg,Representative,121,Republican
Melanie Tompkins,https://www.mainecampaignfinancedisclosure.com/public/filers/f_01kmg37dfgfaet6redc3mab962,f_01kmg37dfgfaet6redc3mab962,Representative,6,Democratic
Melissa Byer,https://www.mainecampaignfinancedisclosure.com/public/filers/f_01kkm9d1tweesv5ym73va5cmta,f_01kkm9d1tweesv5ym73va5cmta,Representative,42,Republican
Melissa L Richardson,https://www.mainecampaignfinancedisclosure.com/public/filers/f_01kf4eat87emk8zw7zzy1pck3s,f_01kf4eat87emk8zw7zzy1pck3s,Register of Deeds,South,Republican
Melissa Simpson,https://www.mainecampaignfinancedisclosure.com/public/filers/f_01kyqm50hnfep8p0hvdx0nfr8j,f_01kyqm50hnfep8p0hvdx0nfr8j,Representative,143,Republican
Michael Brayson,https://www.mainecampaignfinancedisclosure.com/public/filers/f_01kkhznfm2f7db6fcen2k3c0ak,f_01kkhznfm2f7db6fcen2k3c0ak,Representative,33,Democratic
Michael Dixon,https://www.mainecampaignfinancedisclosure.com/public/filers/f_01kh54b61tevxsk81mxvn7kn5r,f_01kh54b61tevxsk81mxvn7kn5r,Representative,119,Democratic
Michael Dougherty,https://www.mainecampaignfinancedisclosure.com/public/filers/f_01kmnqyzc4ebras5yrcehxzh9f,f_01kmnqyzc4ebras5yrcehxzh9f,Representative,120,Republican
Michael D. Perkins,https://www.mainecampaignfinancedisclosure.com/public/filers/f_01kf4eat87emk8zw807cwn1fsq,f_01kf4eat87emk8zw807cwn1fsq,Representative,66,Republican
Michael Dubois,https://www.mainecampaignfinancedisclosure.com/public/filers/f_01k89h8gchec793758qqnhq6mc,f_01k89h8gchec793758qqnhq6mc,Judge of Probate,-,Republican
Michael Hobart Cunningham II,https://www.mainecampaignfinancedisclosure.com/public/filers/f_01kk9gv56zfmtbj2fycfrhe94f,f_01kk9gv56zfmtbj2fycfrhe94f,Representative,13,Democratic
Michael J. Lance,https://www.mainecampaignfinancedisclosure.com/public/filers/f_01kd8w6ftve6dak61qd29nz0j1,f_01kd8w6ftve6dak61qd29nz0j1,Representative,79,Republican
Michael J. Nicholson,https://www.mainecampaignfinancedisclosure.com/public/filers/f_01kd8w6ftweefsxt0c9gjms69h,f_01kd8w6ftweefsxt0c9gjms69h,Representative,39,Republican
Michael L Crabtree,https://www.mainecampaignfinancedisclosure.com/public/filers/f_01kf4eat87emk8zw8086jz93je,f_01kf4eat87emk8zw8086jz93je,Sheriff,-,Republican
Michael Lemelin,https://www.mainecampaignfinancedisclosure.com/public/filers/f_01kf4eat87emk8zw7zv2tp5t6f,f_01kf4eat87emk8zw7zv2tp5t6f,Representative,53,Republican
Michael R. Scott,https://www.mainecampaignfinancedisclosure.com/public/filers/f_01kf4eat87emk8zw80106sfc9v,f_01kf4eat87emk8zw80106sfc9v,Senator,20,Democratic
Michael Sweeny Flanagan,https://www.mainecampaignfinancedisclosure.com/public/filers/f_01kd8w6ftweefsxt0ca582k5bm,f_01kd8w6ftweefsxt0ca582k5bm,Representative,43,Republican
Michael Tipping,https://www.mainecampaignfinancedisclosure.com/public/filers/f_01kd8w6ftve6dak61qc990a1zp,f_01kd8w6ftve6dak61qc990a1zp,Senator,8,Democratic
Michele Meyer,https://www.mainecampaignfinancedisclosure.com/public/filers/f_01k89h8gcjegf9qpwdhzv5nqe1,f_01k89h8gcjegf9qpwdhzv5nqe1,Senator,35,Democratic
Michelle Conners,https://www.mainecampaignfinancedisclosure.com/public/filers/f_01kkfgm7m1e89bcny8jm7afmr8,f_01kkfgm7m1e89bcny8jm7afmr8,Representative,136,Democratic
Michelle M Kane,https://www.mainecampaignfinancedisclosure.com/public/filers/f_01kf4eat87emk8zw8075cnzrz8,f_01kf4eat87emk8zw8075cnzrz8,County Treasurer,-,Republican
Michelle N Boyer,https://www.mainecampaignfinancedisclosure.com/public/filers/f_01kf4eat87emk8zw808axh1r8x,f_01kf4eat87emk8zw808axh1r8x,Representative,123,Democratic
Michelle Tucker,https://www.mainecampaignfinancedisclosure.com/public/filers/f_01kjb5shgnfnvb532es240zj7j,f_01kjb5shgnfnvb532es240zj7j,Representative,54,Republican
Mike Soboleski,https://www.mainecampaignfinancedisclosure.com/public/filers/f_01kkvep3cxfs3b3k1ksrrxeemq,f_01kkvep3cxfs3b3k1ksrrxeemq,Representative,73,Republican
Monica Cease,https://www.mainecampaignfinancedisclosure.com/public/filers/f_01kn0664tdf4m8wa4b6vx09jms,f_01kn0664tdf4m8wa4b6vx09jms,County Treasurer,-,Democratic
Monte Sylvester,https://www.mainecampaignfinancedisclosure.com/public/filers/f_01kyq8kjjkecjsmr58pc7sfpy8,f_01kyq8kjjkecjsmr58pc7sfpy8,County Treasurer,-,Republican
Morgan Rielly,https://www.mainecampaignfinancedisclosure.com/public/filers/f_01kh7sxtt7fw0tvt9328wemsy2,f_01kh7sxtt7fw0tvt9328wemsy2,Representative,127,Democratic
M. Todd Chretien,https://www.mainecampaignfinancedisclosure.com/public/filers/f_01kf4eat87emk8zw7zvf5ykhnx,f_01kf4eat87emk8zw7zvf5ykhnx,Representative,112,Democratic
Nancy Jean Theriault,https://www.mainecampaignfinancedisclosure.com/public/filers/f_01kd8w6ftweefsxt0ca9m9pbxn,f_01kd8w6ftweefsxt0ca9m9pbxn,Representative,29,Republican
Nancy McDowell,https://www.mainecampaignfinancedisclosure.com/public/filers/f_01km8ceamnfw98fetr24zx18f2,f_01km8ceamnfw98fetr24zx18f2,Representative,29,Democratic
Nancy McDowell-Special,https://www.mainecampaignfinancedisclosure.com/public/filers/f_01kmga8ym1fsnbevc5crxez0ks,f_01kmga8ym1fsnbevc5crxez0ks,Representative,29,Democratic
Nancy Theriault - Special,https://www.mainecampaignfinancedisclosure.com/public/filers/f_01kmg9gszqekhv6w7gbcf3vr88,f_01kmg9gszqekhv6w7gbcf3vr88,Representative,29,Republican
Natasha C Irving,https://www.mainecampaignfinancedisclosure.com/public/filers/f_01kf4eat87emk8zw800g06pdy9,f_01kf4eat87emk8zw800g06pdy9,District Attorney,6th Prosecutorial District Attorney (Knox/Lincoln/Sagadahoc/Waldo),Democratic
Nathan Burnett,https://www.mainecampaignfinancedisclosure.com/public/filers/f_01kd8w6ftve6dak61qa3mq63v9,f_01kd8w6ftve6dak61qa3mq63v9,Senator,22,Democratic
Nathan M. Carlow,https://www.mainecampaignfinancedisclosure.com/public/filers/f_01kkc6wegzea4vqcpmfpg0bw0q,f_01kkc6wegzea4vqcpmfpg0bw0q,Representative,137,Republican
"Neil McLean, Jr.",https://www.mainecampaignfinancedisclosure.com/public/filers/f_01kh7tr8dce38sv4fjmxedmhk5,f_01kh7tr8dce38sv4fjmxedmhk5,District Attorney,3rd Prosecutorial District Attorney (Androscoggin/Franklin/Oxford),Republican
Nicholas Alexander,https://www.mainecampaignfinancedisclosure.com/public/filers/f_01k89h8gchec793758nn4zq941,f_01k89h8gchec793758nn4zq941,Representative,58,Republican
Nicolas John Hamlin,https://www.mainecampaignfinancedisclosure.com/public/filers/f_01kf4eat87emk8zw7zr42jeg96,f_01kf4eat87emk8zw7zr42jeg96,Representative,49,Republican
Nicole Bambrick,https://www.mainecampaignfinancedisclosure.com/public/filers/f_01khc93ecze09s9ats4hwqnnnc,f_01khc93ecze09s9ats4hwqnnnc,Representative,77,Republican
Nicole C Grohoski,https://www.mainecampaignfinancedisclosure.com/public/filers/f_01kf4eat87emk8zw7zqfqnn445,f_01kf4eat87emk8zw7zqfqnn445,Senator,7,Democratic
Nicole Lynn Kalloch,https://www.mainecampaignfinancedisclosure.com/public/filers/f_01kd8w6ftve6dak61qac013eqh,f_01kd8w6ftve6dak61qac013eqh,Senator,12,Unenrolled
Nicole Richards,https://www.mainecampaignfinancedisclosure.com/public/filers/f_01kn22cp3te7ytcgn4z598z4zy,f_01kn22cp3te7ytcgn4z598z4zy,Representative,9,Democratic
Nina A Milliken,https://www.mainecampaignfinancedisclosure.com/public/filers/f_01kf4eat87emk8zw7zqz59g6j8,f_01kf4eat87emk8zw7zqz59g6j8,Representative,16,Democratic
Nirav Shah,https://www.mainecampaignfinancedisclosure.com/public/filers/f_01kd8w6ftve6dak61qb6h6va1w,f_01kd8w6ftve6dak61qb6h6va1w,Governor,-,Democratic
Noah Cobb,https://www.mainecampaignfinancedisclosure.com/public/filers/f_01kt1x8q6vfk69266rgkk282a2,f_01kt1x8q6vfk69266rgkk282a2,Representative,148,Unenrolled
Noel Madore,https://www.mainecampaignfinancedisclosure.com/public/filers/f_01kkc1xtxsecmtcehxbsjgc4by,f_01kkc1xtxsecmtcehxbsjgc4by,County Commissioner,2,Democratic
Noel Madore,https://www.mainecampaignfinancedisclosure.com/public/filers/f_01kkd4h4baeaz8xsywfmrr5hdn,f_01kkd4h4baeaz8xsywfmrr5hdn,County Commissioner,2,Democratic
Oliver McAvoy,https://www.mainecampaignfinancedisclosure.com/public/filers/f_01kjfrekfsfzkvqvt22bfas31z,f_01kjfrekfsfzkvqvt22bfas31z,Representative,138,Democratic
OWEN MCCARTHY,https://www.mainecampaignfinancedisclosure.com/public/filers/f_01k89h8gcjegf9qpwdhqxyxxe2,f_01k89h8gcjegf9qpwdhqxyxxe2,Governor,-,Republican
Pamela Hart,https://www.mainecampaignfinancedisclosure.com/public/filers/f_01kh9djw5feztamnr27bf24vqe,f_01kh9djw5feztamnr27bf24vqe,Representative,90,Democratic
Pamela Jo Swift,https://www.mainecampaignfinancedisclosure.com/public/filers/f_01kf4eat87emk8zw807sffsaz7,f_01kf4eat87emk8zw807sffsaz7,Representative,62,Democratic
Pamela Prodan,https://www.mainecampaignfinancedisclosure.com/public/filers/f_01kf4eat87emk8zw801f07mckv,f_01kf4eat87emk8zw801f07mckv,County Treasurer,-,Democratic
Parnell Terry,https://www.mainecampaignfinancedisclosure.com/public/filers/f_01kf4eat87emk8zw806fxq18bw,f_01kf4eat87emk8zw806fxq18bw,Representative,108,Democratic
Patricia Smith,https://www.mainecampaignfinancedisclosure.com/public/filers/f_01kh7t3twrfwqr6am2jxjntt0x,f_01kh7t3twrfwqr6am2jxjntt0x,County Commissioner,4,Democratic
PATRICK JUDE,https://www.mainecampaignfinancedisclosure.com/public/filers/f_01kf4eat87emk8zw7zscfjaahz,f_01kf4eat87emk8zw7zscfjaahz,Representative,20,Republican
Patrick William Polky,https://www.mainecampaignfinancedisclosure.com/public/filers/f_01kf4eat87emk8zw7zyhghg0z6,f_01kf4eat87emk8zw7zyhghg0z6,Sheriff,-,Democratic
Patric Moore,https://www.mainecampaignfinancedisclosure.com/public/filers/f_01kh539s4bfme84ypgj6b8a2e4,f_01kh539s4bfme84ypgj6b8a2e4,Senator,16,Democratic
Paul Aranson,https://www.mainecampaignfinancedisclosure.com/public/filers/f_01khbnbbtgf4681txwww1gwdx0,f_01khbnbbtgf4681txwww1gwdx0,Judge of Probate,-,Democratic
Paul Edward Bennett,https://www.mainecampaignfinancedisclosure.com/public/filers/f_01kf4eat87emk8zw7zrrrhrcsf,f_01kf4eat87emk8zw7zrrrhrcsf,Senator,34,Unenrolled
Paul R Flynn,https://www.mainecampaignfinancedisclosure.com/public/filers/f_01k89h8gchec793758r62davwz,f_01k89h8gchec793758r62davwz,Representative,63,Republican
Paul R Zimmerman,https://www.mainecampaignfinancedisclosure.com/public/filers/f_01kf4eat87emk8zw8005dqc3vb,f_01kf4eat87emk8zw8005dqc3vb,County Commissioner,1,Republican
"Paul Titcomb Davis, Sr.",https://www.mainecampaignfinancedisclosure.com/public/filers/f_01k89h8gchec793758qe18s4b1,f_01k89h8gchec793758qe18s4b1,County Commissioner,1,Republican
"Paul Titcomb Davis, Sr.",https://www.mainecampaignfinancedisclosure.com/public/filers/f_01k89h8gchec793758qkmexa7h,f_01k89h8gchec793758qkmexa7h,Senator,4,Republican
Paul Welch,https://www.mainecampaignfinancedisclosure.com/public/filers/f_01khv2qkd5f7dtabfc81a4b496,f_01khv2qkd5f7dtabfc81a4b496,Representative,85,Democratic
Peter G. Violette,https://www.mainecampaignfinancedisclosure.com/public/filers/f_01kf4eat87emk8zw7zrnznr7nt,f_01kf4eat87emk8zw7zrnznr7nt,Senator,26,Republican
Peter Ignatius Doyle,https://www.mainecampaignfinancedisclosure.com/public/filers/f_01kj8p1t4cf01rrme7ppg7kw4h,f_01kj8p1t4cf01rrme7ppg7kw4h,Senator,28,Republican
Peter J. Southam,https://www.mainecampaignfinancedisclosure.com/public/filers/f_01kf4eat87emk8zw806q8cn0vd,f_01kf4eat87emk8zw806q8cn0vd,Senator,19,Democratic
Peter Q. Jenks,https://www.mainecampaignfinancedisclosure.com/public/filers/f_01kf4eat87emk8zw7zsnpxaas7,f_01kf4eat87emk8zw7zsnpxaas7,Representative,43,Democratic
Peter Wood,https://www.mainecampaignfinancedisclosure.com/public/filers/f_01kkhg12r1ecv8813bb40k140m,f_01kkhg12r1ecv8813bb40k140m,Representative,81,Republican
Phillip Wiseman,https://www.mainecampaignfinancedisclosure.com/public/filers/f_01kp5zh3h1ecgs0qevxk6ez1xw,f_01kp5zh3h1ecgs0qevxk6ez1xw,County Treasurer,-,Republican
Poppy T. Arford,https://www.mainecampaignfinancedisclosure.com/public/filers/f_01kf4eat87emk8zw800mmx66a2,f_01kf4eat87emk8zw800mmx66a2,Representative,101,Democratic
Quentin Chapman,https://www.mainecampaignfinancedisclosure.com/public/filers/f_01k89h8gchec793758pqbwk2aj,f_01k89h8gchec793758pqbwk2aj,Representative,88,Republican
Rachel A. Henderson,https://www.mainecampaignfinancedisclosure.com/public/filers/f_01kf4eat87emk8zw803hhs02x0,f_01kf4eat87emk8zw803hhs02x0,Representative,78,Republican
Rachel Mary Phipps,https://www.mainecampaignfinancedisclosure.com/public/filers/f_01kf4eat87emk8zw7zs0v5bh6g,f_01kf4eat87emk8zw7zs0v5bh6g,Representative,135,Democratic
Rachel Talbot Ross,https://www.mainecampaignfinancedisclosure.com/public/filers/f_01kh55v1jrfk5b59sqwet4m1bd,f_01kh55v1jrfk5b59sqwet4m1bd,Senator,28,Democratic
Rafael Macias,https://www.mainecampaignfinancedisclosure.com/public/filers/f_01kh7nbr72f0790xqcqd0hbbb3,f_01kh7nbr72f0790xqcqd0hbbb3,Representative,51,Democratic
Randall Adam Greenwood,https://www.mainecampaignfinancedisclosure.com/public/filers/f_01kf4eat87emk8zw7zvbb3aaqe,f_01kf4eat87emk8zw7zvbb3aaqe,Representative,56,Republican
Randall Douglas Gauvin,https://www.mainecampaignfinancedisclosure.com/public/filers/f_01k89h8gchec793758rfsefsdf,f_01k89h8gchec793758rfsefsdf,Representative,75,Republican
Randy Wilcox,https://www.mainecampaignfinancedisclosure.com/public/filers/f_01kh50a3fhezet4hhb4g11eyds,f_01kh50a3fhezet4hhb4g11eyds,Governor,-,Republican
Ravi Jackson,https://www.mainecampaignfinancedisclosure.com/public/filers/f_01kmg4dd2me35ajabmhgc1295d,f_01kmg4dd2me35ajabmhgc1295d,Representative,101,Republican
Ray Thombs,https://www.mainecampaignfinancedisclosure.com/public/filers/f_01kk538am2f258a7mycmg5fcqr,f_01kk538am2f258a7mycmg5fcqr,Representative,44,Republican
Reagan Paul,https://www.mainecampaignfinancedisclosure.com/public/filers/f_01km0m8zjeecft3fxvsen4efr3,f_01km0m8zjeecft3fxvsen4efr3,Representative,37,Republican
REBECCA DOLLOFF,https://www.mainecampaignfinancedisclosure.com/public/filers/f_01kjdxvxs2fksvfa3a77gv88g8,f_01kjdxvxs2fksvfa3a77gv88g8,County Treasurer,-,Republican
Rebecca Lynn Flood Andrews,https://www.mainecampaignfinancedisclosure.com/public/filers/f_01km30qdyyf4sbpf6bm5qzzrn4,f_01km30qdyyf4sbpf6bm5qzzrn4,Representative,141,Democratic
Rebecca Stephens,https://www.mainecampaignfinancedisclosure.com/public/filers/f_01khrpd8vxfecsb4csc0s0w8wq,f_01khrpd8vxfecsb4csc0s0w8wq,Representative,45,Republican
Rebecca Sue Wotton,https://www.mainecampaignfinancedisclosure.com/public/filers/f_01kf4eat87emk8zw804ctqsmc1,f_01kf4eat87emk8zw804ctqsmc1,Register of Deeds,-,Republican
Rhiannon Hampson,https://www.mainecampaignfinancedisclosure.com/public/filers/f_01kjgbhk3sf908mp7dyg8h2sx6,f_01kjgbhk3sf908mp7dyg8h2sx6,Representative,43,Democratic
Richard Bennett,https://www.mainecampaignfinancedisclosure.com/public/filers/f_01k89h8gchec793758p61wtfg5,f_01k89h8gchec793758p61wtfg5,Governor,-,Unenrolled
Richard Gagne,https://www.mainecampaignfinancedisclosure.com/public/filers/f_01khrqk440ekvv1ygqeqt57v9b,f_01khrqk440ekvv1ygqeqt57v9b,Sheriff,-,Republican
Richard G. Mason,https://www.mainecampaignfinancedisclosure.com/public/filers/f_01kd8w6ftve6dak61qchy4tn7j,f_01kd8w6ftve6dak61qchy4tn7j,Senator,17,Republican
Richard H. Campbell,https://www.mainecampaignfinancedisclosure.com/public/filers/f_01kf4eat87emk8zw7zv7gqc8k5,f_01kf4eat87emk8zw7zv7gqc8k5,Representative,19,Republican
Richard Marc Goldman,https://www.mainecampaignfinancedisclosure.com/public/filers/f_01kk9gjar3f9rbxk989t0wgxzh,f_01kk9gjar3f9rbxk989t0wgxzh,Representative,53,Democratic
R. Melissa Winslow,https://www.mainecampaignfinancedisclosure.com/public/filers/f_01kf4eat87emk8zw7zsjnkcw7h,f_01kf4eat87emk8zw7zsjnkcw7h,Representative,104,Republican
Robert Andrews,https://www.mainecampaignfinancedisclosure.com/public/filers/f_01kn7691m3exxse3vb0t8kta1s,f_01kn7691m3exxse3vb0t8kta1s,County Commissioner,1,Republican
Robert B. Charles,https://www.mainecampaignfinancedisclosure.com/public/filers/f_01k89h8gchec793758ps9e4z21,f_01k89h8gchec793758ps9e4z21,Governor,-,Republican
Robert Cameron,https://www.mainecampaignfinancedisclosure.com/public/filers/f_01kk206f0je8kv8sm004v80mky,f_01kk206f0je8kv8sm004v80mky,Representative,121,Democratic
Robert Carlton,https://www.mainecampaignfinancedisclosure.com/public/filers/f_01kk9h5hfxeezvp06c421hxmsv,f_01kk9h5hfxeezvp06c421hxmsv,County Commissioner,4,Republican
Robert Finch Sullebarger,https://www.mainecampaignfinancedisclosure.com/public/filers/f_01kf4eat87emk8zw805qawxr9m,f_01kf4eat87emk8zw805qawxr9m,Senator,5,Democratic
Robert Granger,https://www.mainecampaignfinancedisclosure.com/public/filers/f_01kh7rsm5afr4sffcdrypqm3vx,f_01kh7rsm5afr4sffcdrypqm3vx,District Attorney,7th Prosecutorial District Attorney (Hancock/Washington),Unenrolled
Robert J. Wessels,https://www.mainecampaignfinancedisclosure.com/public/filers/f_01k89h8gcjegf9qpwdm66hzngj,f_01k89h8gcjegf9qpwdm66hzngj,Governor,-,Republican
Robert Kelly,https://www.mainecampaignfinancedisclosure.com/public/filers/f_01kh53mqm7f5rv5eyxxqv33444,f_01kh53mqm7f5rv5eyxxqv33444,Representative,131,Democratic
Robert Vail,https://www.mainecampaignfinancedisclosure.com/public/filers/f_01ks8awrndfgv9a4y5hw29x9qs,f_01ks8awrndfgv9a4y5hw29x9qs,County Commissioner,3,Unenrolled
Robin Crawley,https://www.mainecampaignfinancedisclosure.com/public/filers/f_01kmrgg4nsep4bcne7st38918q,f_01kmrgg4nsep4bcne7st38918q,Representative,61,Democratic
Robin Upton-Sukeforth,https://www.mainecampaignfinancedisclosure.com/public/filers/f_01kkkw7rqmf4xa536cep5rq04q,f_01kkkw7rqmf4xa536cep5rq04q,Representative,56,Democratic
Roch  Angers,https://www.mainecampaignfinancedisclosure.com/public/filers/f_01kk9dcvhye1n86vtp6sebdkeg,f_01kk9dcvhye1n86vtp6sebdkeg,County Commissioner,2,Democratic
Roger Albert,https://www.mainecampaignfinancedisclosure.com/public/filers/f_01kmk8pzg9ece8nj7x5e4vkxsc,f_01kmk8pzg9ece8nj7x5e4vkxsc,Representative,2,Republican
Roland Daniel Martin,https://www.mainecampaignfinancedisclosure.com/public/filers/f_01kj8q6d0aecfry25181tgft4v,f_01kj8q6d0aecfry25181tgft4v,Representative,2,Democratic
Roland Poirier,https://www.mainecampaignfinancedisclosure.com/public/filers/f_01khbkc699ft7vw29ddy842y0s,f_01khbkc699ft7vw29ddy842y0s,County Commissioner,2,Democratic
Rolf Arthur Olsen Jr.,https://www.mainecampaignfinancedisclosure.com/public/filers/f_01kf4eat87emk8zw7zstc04a8g,f_01kf4eat87emk8zw7zstc04a8g,Representative,86,Republican
Ronald Russell,https://www.mainecampaignfinancedisclosure.com/public/filers/f_01knpsrn9cfym9w9sv39jqv06p,f_01knpsrn9cfym9w9sv39jqv06p,Representative,17,Democratic
Ronda C. Snyder,https://www.mainecampaignfinancedisclosure.com/public/filers/f_01kf4eat87emk8zw7zzryvq066,f_01kf4eat87emk8zw7zzryvq066,Register of Probate,-,Republican
Roy D Gott,https://www.mainecampaignfinancedisclosure.com/public/filers/f_01krkwdxgefzatb9e058c51yzm,f_01krkwdxgefzatb9e058c51yzm,Senator,12,Unenrolled
Russell John Black,https://www.mainecampaignfinancedisclosure.com/public/filers/f_01kf4eat87emk8zw7ztrg7q9tv,f_01kf4eat87emk8zw7ztrg7q9tv,Representative,74,Republican
Russell P. White,https://www.mainecampaignfinancedisclosure.com/public/filers/f_01kf4eat87emk8zw800xkb9rf7,f_01kf4eat87emk8zw800xkb9rf7,Representative,13,Republican
Ryan Christopher Otis,https://www.mainecampaignfinancedisclosure.com/public/filers/f_01kf4eat87emk8zw7zvvwc1r92,f_01kf4eat87emk8zw7zvvwc1r92,Senator,11,Republican
Ryan Fecteau,https://www.mainecampaignfinancedisclosure.com/public/filers/f_01k89h8gchec793758qyat4xsg,f_01k89h8gchec793758qyat4xsg,Representative,132,Democratic
Ryan Morgan,https://www.mainecampaignfinancedisclosure.com/public/filers/f_01kkvwzw38eqxa6ydzh7h9a9zf,f_01kkvwzw38eqxa6ydzh7h9a9zf,Representative,73,Republican
Saige Michele Bird,https://www.mainecampaignfinancedisclosure.com/public/filers/f_01kf4eat87emk8zw80500nrypm,f_01kf4eat87emk8zw80500nrypm,Representative,62,Unenrolled
Sally Cluchey,https://www.mainecampaignfinancedisclosure.com/public/filers/f_01kh7m9ke7f8hrvtrvk3q9z0v3,f_01kh7m9ke7f8hrvtrvk3q9z0v3,Representative,52,Democratic
Samuel Lewis Zager,https://www.mainecampaignfinancedisclosure.com/public/filers/f_01kf4eat87emk8zw7zz91dadg8,f_01kf4eat87emk8zw7zz91dadg8,Representative,116,Democratic
Savannah Sessions,https://www.mainecampaignfinancedisclosure.com/public/filers/f_01kk9s9dwzeera0ey4d2wzw5jd,f_01kk9s9dwzeera0ey4d2wzw5jd,County Treasurer,-,Unenrolled
Scott A. Harriman,https://www.mainecampaignfinancedisclosure.com/public/filers/f_01kd8w6ftve6dak61qczsbke0w,f_01kd8w6ftve6dak61qczsbke0w,Representative,94,Democratic
Scott A. Harriman (Special),https://www.mainecampaignfinancedisclosure.com/public/filers/f_01kf4eat87emk8zw7zrgb26jft,f_01kf4eat87emk8zw7zrgb26jft,Representative,94,Democratic
Scott Allen Seekins,https://www.mainecampaignfinancedisclosure.com/public/filers/f_01kd8w6ftweefsxt0c9tvxtc07,f_01kd8w6ftweefsxt0c9tvxtc07,County Commissioner,3,Unenrolled
Scott Craig,https://www.mainecampaignfinancedisclosure.com/public/filers/f_01kjaz7wy5fd6ajftcv6qe8mbx,f_01kjaz7wy5fd6ajftcv6qe8mbx,Representative,135,Unenrolled
Scott Doherty,https://www.mainecampaignfinancedisclosure.com/public/filers/f_01km3xczm0f5qra85tx16bmsjt,f_01km3xczm0f5qra85tx16bmsjt,Representative,124,Republican
Scott Girardin,https://www.mainecampaignfinancedisclosure.com/public/filers/f_01kp3x7f5kf1cbts52s3v50zqj,f_01kp3x7f5kf1cbts52s3v50zqj,Representative,92,Unenrolled
Scott Strom,https://www.mainecampaignfinancedisclosure.com/public/filers/f_01km3n560neefs1gp9yrfe4ahe,f_01km3n560neefs1gp9yrfe4ahe,Representative,65,Republican
Scott W. Cyrway,https://www.mainecampaignfinancedisclosure.com/public/filers/f_01k89h8gchec793758qbpzdr0v,f_01k89h8gchec793758qbpzdr0v,Senator,16,Republican
Sean Faircloth,https://www.mainecampaignfinancedisclosure.com/public/filers/f_01khbr2qcmf0eanw6xm7q5zdhp,f_01khbr2qcmf0eanw6xm7q5zdhp,Representative,24,Democratic
Sean Mahoney,https://www.mainecampaignfinancedisclosure.com/public/filers/f_01kf4eat87emk8zw7zsxk0cdq4,f_01kf4eat87emk8zw7zsxk0cdq4,Representative,112,Democratic
Seven Siegel,https://www.mainecampaignfinancedisclosure.com/public/filers/f_01kj8373fketn8bethv06tkj8t,f_01kj8373fketn8bethv06tkj8t,Representative,109,Democratic
Shanna Cox,https://www.mainecampaignfinancedisclosure.com/public/filers/f_01kf4eat87emk8zw806x866dvc,f_01kf4eat87emk8zw806x866dvc,Senator,21,Democratic
Sharon C. Frost,https://www.mainecampaignfinancedisclosure.com/public/filers/f_01k89h8gchec793758r8enymtk,f_01k89h8gchec793758r8enymtk,Representative,58,Unenrolled
Shawn Leroy Lancaster,https://www.mainecampaignfinancedisclosure.com/public/filers/f_01kd8w6ftve6dak61q9jta98cn,f_01kd8w6ftve6dak61q9jta98cn,Representative,32,Republican
Shawn M. Dixon,https://www.mainecampaignfinancedisclosure.com/public/filers/f_01kd8w6ftve6dak61qd855tcv8,f_01kd8w6ftve6dak61qd855tcv8,Representative,67,Republican
Shawn Michael Packard,https://www.mainecampaignfinancedisclosure.com/public/filers/f_01kd8w6ftve6dak61qay6t3gsa,f_01kd8w6ftve6dak61qay6t3gsa,Representative,64,Republican
Shawn Saindon,https://www.mainecampaignfinancedisclosure.com/public/filers/f_01kkkqq7khfy08rwphmm97pj6b,f_01kkkqq7khfy08rwphmm97pj6b,Representative,44,Unenrolled
Sheila Lyman,https://www.mainecampaignfinancedisclosure.com/public/filers/f_01km65aqy3fhpsyzmghz2yy0za,f_01km65aqy3fhpsyzmghz2yy0za,Representative,76,Republican
Shenna Bellows,https://www.mainecampaignfinancedisclosure.com/public/filers/f_01k89h8gchec793758p1xtjrkn,f_01k89h8gchec793758p1xtjrkn,Governor,-,Democratic
Sigrid Ann Olson,https://www.mainecampaignfinancedisclosure.com/public/filers/f_01kn2g8bzaetdb6kwy5dhyk1tj,f_01kn2g8bzaetdb6kwy5dhyk1tj,County Commissioner,4,Democratic
Sophia Warren,https://www.mainecampaignfinancedisclosure.com/public/filers/f_01khnwqzkheg1rn44spkze48rd,f_01khnwqzkheg1rn44spkze48rd,Senator,30,Democratic
Stacey Kay Guerin,https://www.mainecampaignfinancedisclosure.com/public/filers/f_01kd8w6ftve6dak61qbrk4k2cd,f_01kd8w6ftve6dak61qbrk4k2cd,Representative,34,Republican
Stacy L. Grant,https://www.mainecampaignfinancedisclosure.com/public/filers/f_01kf4eat87emk8zw7zwmspscwa,f_01kf4eat87emk8zw7zwmspscwa,Register of Deeds,-,Democratic
Stanley Short,https://www.mainecampaignfinancedisclosure.com/public/filers/f_01ky008gstejtbcaqzy78re828,f_01ky008gstejtbcaqzy78re828,County Commissioner,3,Unenrolled
"Stanley Short, Jr.",https://www.mainecampaignfinancedisclosure.com/public/filers/f_01khstq3jte6eabvk0kwh29a55,f_01khstq3jte6eabvk0kwh29a55,Senator,3,Democratic
Stephanie Anderson,https://www.mainecampaignfinancedisclosure.com/public/filers/f_01krc16d8ffvh8yz5h55rcjr6v,f_01krc16d8ffvh8yz5h55rcjr6v,District Attorney,2nd Prosecutorial District Attorney (Cumberland),Unenrolled
Stephen August,https://www.mainecampaignfinancedisclosure.com/public/filers/f_01kjzeg6shea9ardy6xwx4c21s,f_01kjzeg6shea9ardy6xwx4c21s,County Commissioner,2,Democratic
Stephen Carey,https://www.mainecampaignfinancedisclosure.com/public/filers/f_01km0zn7n3fvdb6wk90pgx7d24,f_01km0zn7n3fvdb6wk90pgx7d24,Senator,9,Unenrolled
Stephen Wood,https://www.mainecampaignfinancedisclosure.com/public/filers/f_01kh7qjgq6fs88g8frphmy307k,f_01kh7qjgq6fs88g8frphmy307k,Representative,92,Republican
Steven Butterfield,https://www.mainecampaignfinancedisclosure.com/public/filers/f_01khbtp46gfv59jcd5d8zvy6ag,f_01khbtp46gfv59jcd5d8zvy6ag,Representative,55,Democratic
Steven Christopher Sheppard,https://www.mainecampaignfinancedisclosure.com/public/filers/f_01k89h8gcjegf9qpwdknptt244,f_01k89h8gcjegf9qpwdknptt244,Governor,-,Republican
Steven Juskewitch,https://www.mainecampaignfinancedisclosure.com/public/filers/f_01kjr2jnamfmjbam6x9gz1sjr1,f_01kjr2jnamfmjbam6x9gz1sjr1,District Attorney,7th Prosecutorial District Attorney (Hancock/Washington),Unenrolled
Steven Matthew Bishop,https://www.mainecampaignfinancedisclosure.com/public/filers/f_01kd8w6ftweefsxt0c96zzdnqq,f_01kd8w6ftweefsxt0c96zzdnqq,Representative,17,Republican
Steven McGee,https://www.mainecampaignfinancedisclosure.com/public/filers/f_01knsy0yb0f7395rjkqbxbqxyz,f_01knsy0yb0f7395rjkqbxbqxyz,Senator,14,Republican
Susan A. Black,https://www.mainecampaignfinancedisclosure.com/public/filers/f_01kf4eat87emk8zw801s6sms9h,f_01kf4eat87emk8zw801s6sms9h,Register of Deeds,-,Republican
Susan Bernard,https://www.mainecampaignfinancedisclosure.com/public/filers/f_01kk26pb4nedh99m9fv8s79t4k,f_01kk26pb4nedh99m9fv8s79t4k,Representative,3,Republican
Susan F Bulay,https://www.mainecampaignfinancedisclosure.com/public/filers/f_01kf4eat87emk8zw7zwgh7k8ab,f_01kf4eat87emk8zw7zwgh7k8ab,Register of Deeds,-,Republican
Susan Fuller,https://www.mainecampaignfinancedisclosure.com/public/filers/f_01km3wqzqre9t84c1mzgw2faaa,f_01km3wqzqre9t84c1mzgw2faaa,Representative,105,Republican
Susan Pratt,https://www.mainecampaignfinancedisclosure.com/public/filers/f_01kjx922m2ecfaarh619s32wpb,f_01kjx922m2ecfaarh619s32wpb,County Treasurer,-,Republican
Suzanne Johnson,https://www.mainecampaignfinancedisclosure.com/public/filers/f_01kkw18pe3f30927gxp2anjx3z,f_01kkw18pe3f30927gxp2anjx3z,Representative,151,Republican
Suzanne R. Andresen,https://www.mainecampaignfinancedisclosure.com/public/filers/f_01kf4eat87emk8zw7zvq8nst9d,f_01kf4eat87emk8zw7zvq8nst9d,Representative,49,Republican
Suzanne Salisbury,https://www.mainecampaignfinancedisclosure.com/public/filers/f_01kh557r74ff9a1be3rvmfrt2y,f_01kh557r74ff9a1be3rvmfrt2y,Representative,128,Democratic
Tammy Gay,https://www.mainecampaignfinancedisclosure.com/public/filers/f_01kkm0jttrftca4gnvjp4jce1j,f_01kkm0jttrftca4gnvjp4jce1j,Register of Deeds,-,Republican
Tammy Schmersal-Burgess,https://www.mainecampaignfinancedisclosure.com/public/filers/f_01kf4eat87emk8zw8028a729bm,f_01kf4eat87emk8zw8028a729bm,Representative,77,Republican
Tanya Belanger,https://www.mainecampaignfinancedisclosure.com/public/filers/f_01kf4eat87emk8zw804y3tdnp1,f_01kf4eat87emk8zw804y3tdnp1,Register of Deeds,-,Unenrolled
Tavis Hasenfus,https://www.mainecampaignfinancedisclosure.com/public/filers/f_01km10v49nefgagt1pjbvgd2eh,f_01km10v49nefgagt1pjbvgd2eh,Representative,57,Democratic
Taylor West,https://www.mainecampaignfinancedisclosure.com/public/filers/f_01kh52m79ae6sat8n6wxjtpsyq,f_01kh52m79ae6sat8n6wxjtpsyq,Representative,63,Democratic
Teresa S Pierce,https://www.mainecampaignfinancedisclosure.com/public/filers/f_01kd8w6ftve6dak61q99asb3k5,f_01kd8w6ftve6dak61q99asb3k5,Senator,25,Democratic
Thomas Hart,https://www.mainecampaignfinancedisclosure.com/public/filers/f_01knmawmxyfy2t678d7kcc60zw,f_01knmawmxyfy2t678d7kcc60zw,Representative,12,Republican
Thomas Lavigne,https://www.mainecampaignfinancedisclosure.com/public/filers/f_01kjftsme6fc6v1t20ayc56xke,f_01kjftsme6fc6v1t20ayc56xke,Representative,148,Republican
Thomas Watson,https://www.mainecampaignfinancedisclosure.com/public/filers/f_01kjg24ahxek29pkavfrcm30qw,f_01kjg24ahxek29pkavfrcm30qw,Representative,97,Democratic
Tiffany Strout,https://www.mainecampaignfinancedisclosure.com/public/filers/f_01kf4eat87emk8zw8024cmt5q8,f_01kf4eat87emk8zw8024cmt5q8,Representative,11,Republican
Timothy Becker,https://www.mainecampaignfinancedisclosure.com/public/filers/f_01kkkpp6spf80a2a02sb7k377e,f_01kkkpp6spf80a2a02sb7k377e,Representative,83,Democratic
Timothy Conrad Guerrette,https://www.mainecampaignfinancedisclosure.com/public/filers/f_01kd8w6ftve6dak61qbbg0eq17,f_01kd8w6ftve6dak61qbbg0eq17,Representative,4,Republican
Timothy E Nangle,https://www.mainecampaignfinancedisclosure.com/public/filers/f_01kd8w6ftve6dak61qdjz1m52z,f_01kd8w6ftve6dak61qdjz1m52z,Senator,26,Democratic
Timothy Holland,https://www.mainecampaignfinancedisclosure.com/public/filers/f_01kh50361tfnjr08p89jnx7yzq,f_01kh50361tfnjr08p89jnx7yzq,Sheriff,-,Democratic
Timothy Nickels,https://www.mainecampaignfinancedisclosure.com/public/filers/f_01kmdzfywefypsm1psyb3y08ez,f_01kmdzfywefypsm1psyb3y08ez,Representative,85,Republican
Timothy Towne,https://www.mainecampaignfinancedisclosure.com/public/filers/f_01kp925p1rehx88tdejsvz0wxz,f_01kp925p1rehx88tdejsvz0wxz,Representative,149,Republican
Todd Brackett,https://www.mainecampaignfinancedisclosure.com/public/filers/f_01kjwr3ct3es69acm8qrgrzp5a,f_01kjwr3ct3es69acm8qrgrzp5a,Sheriff,-,Democratic
Todd Lyford,https://www.mainecampaignfinancedisclosure.com/public/filers/f_01khs07jfgf1aab21hmkt9kkwp,f_01khs07jfgf1aab21hmkt9kkwp,Sheriff,-,Republican
Todd Michael Davis,https://www.mainecampaignfinancedisclosure.com/public/filers/f_01kf4eat87emk8zw8061te5wvw,f_01kf4eat87emk8zw8061te5wvw,Representative,130,Unenrolled
Tom Keefe,https://www.mainecampaignfinancedisclosure.com/public/filers/f_01kjajr541ftj82wd4j6nwres6,f_01kjajr541ftj82wd4j6nwres6,Representative,59,Democratic
Tracey Rotondi,https://www.mainecampaignfinancedisclosure.com/public/filers/f_01kt28bw2xfdrvq1x65tstx8nq,f_01kt28bw2xfdrvq1x65tstx8nq,County Treasurer,-,Unenrolled
Traci Gere,https://www.mainecampaignfinancedisclosure.com/public/filers/f_01kf4eat87emk8zw806hc84qnt,f_01kf4eat87emk8zw806hc84qnt,Representative,134,Democratic
Tracy Quint,https://www.mainecampaignfinancedisclosure.com/public/filers/f_01khvdqbgkf6ss8nfhhjck9jh9,f_01khvdqbgkf6ss8nfhhjck9jh9,Representative,8,Republican
Trent Vellella,https://www.mainecampaignfinancedisclosure.com/public/filers/f_01kkvr3wwdetnsd0z1bcanzs1d,f_01kkvr3wwdetnsd0z1bcanzs1d,Representative,49,Democratic
Trevor Alex Doiron,https://www.mainecampaignfinancedisclosure.com/public/filers/f_01kf4eat87emk8zw7zqryby5fm,f_01kf4eat87emk8zw7zqryby5fm,Representative,76,Democratic
Trisha E White,https://www.mainecampaignfinancedisclosure.com/public/filers/f_01k89h8gcjegf9qpwdmeajx6va,f_01k89h8gcjegf9qpwdmeajx6va,County Treasurer,-,Republican
Troy Dale Jackson,https://www.mainecampaignfinancedisclosure.com/public/filers/f_01k89h8gcjegf9qpwdgkfvzb2g,f_01k89h8gcjegf9qpwdgkfvzb2g,Governor,-,Democratic
Troy Morton,https://www.mainecampaignfinancedisclosure.com/public/filers/f_01kkcevtf4evfs2v1cgttmr10d,f_01kkcevtf4evfs2v1cgttmr10d,Sheriff,-,Republican
Valerie Adams,https://www.mainecampaignfinancedisclosure.com/public/filers/f_01kh6yjy2hex39hddhbrdtxthj,f_01kh6yjy2hex39hddhbrdtxthj,District Attorney,2nd Prosecutorial District Attorney (Cumberland),Democratic
Valli D. Geiger,https://www.mainecampaignfinancedisclosure.com/public/filers/f_01kf4eat87emk8zw8071c1k83d,f_01kf4eat87emk8zw8071c1k83d,Representative,42,Democratic
Vaughn J Mclaughlin,https://www.mainecampaignfinancedisclosure.com/public/filers/f_01k89h8gcjegf9qpwdhtvjtpxz,f_01k89h8gcjegf9qpwdhtvjtpxz,Senator,1,Democratic
Victoria Porter Kornfield,https://www.mainecampaignfinancedisclosure.com/public/filers/f_01kf4eat87emk8zw807zy2jp5w,f_01kf4eat87emk8zw807zy2jp5w,Representative,23,Democratic
Vincent Maietta,https://www.mainecampaignfinancedisclosure.com/public/filers/f_01km3vxfzee408tvztsmp8dt51,f_01km3vxfzee408tvztsmp8dt51,Senator,29,Republican
Walter Runte JR,https://www.mainecampaignfinancedisclosure.com/public/filers/f_01kjeje61pf4k8etvt35jz0j17,f_01kjeje61pf4k8etvt35jz0j17,Representative,146,Democratic
Walter Voskian,https://www.mainecampaignfinancedisclosure.com/public/filers/f_01kh6jnzyke0zvsqjsed4hm2fv,f_01kh6jnzyke0zvsqjsed4hm2fv,County Commissioner,2,Democratic
Wayne K. Farrin,https://www.mainecampaignfinancedisclosure.com/public/filers/f_01kf4eat87emk8zw7zyzn2skex,f_01kf4eat87emk8zw7zyzn2skex,Representative,47,Democratic
Wayne Parry,https://www.mainecampaignfinancedisclosure.com/public/filers/f_01k89h8gcjegf9qpwdjvg002fp,f_01k89h8gcjegf9qpwdjvg002fp,Representative,140,Republican
W. Edward Crockett,https://www.mainecampaignfinancedisclosure.com/public/filers/f_01kd8w6ftve6dak61q9dtgbm5e,f_01kd8w6ftve6dak61q9dtgbm5e,Governor,-,Unenrolled
Wendy Caiazzo,https://www.mainecampaignfinancedisclosure.com/public/filers/f_01khvxq0hke4ws7sgfqgektehp,f_01khvxq0hke4ws7sgfqgektehp,Register of Deeds,-,Unenrolled
William J. St. Michel,https://www.mainecampaignfinancedisclosure.com/public/filers/f_01kf4eat87emk8zw7zwegwgy12,f_01kf4eat87emk8zw7zwegwgy12,Representative,98,Republican
"William King, Jr.",https://www.mainecampaignfinancedisclosure.com/public/filers/f_01kh7s4s4xf67bcb2jbp0mevvz,f_01kh7s4s4xf67bcb2jbp0mevvz,Sheriff,-,Democratic
William Look,https://www.mainecampaignfinancedisclosure.com/public/filers/f_01kn03e7cgfcvr3bab9v667qyr,f_01kn03e7cgfcvr3bab9v667qyr,County Commissioner,3,Republican
William R. Bridgeo,https://www.mainecampaignfinancedisclosure.com/public/filers/f_01kf4eat87emk8zw7zryk5a2kz,f_01kf4eat87emk8zw7zryk5a2kz,Representative,60,Democratic
William R Tuell,https://www.mainecampaignfinancedisclosure.com/public/filers/f_01kf4eat87emk8zw7zx37px971,f_01kf4eat87emk8zw7zx37px971,Representative,10,Republican
William T. Dobbins,https://www.mainecampaignfinancedisclosure.com/public/filers/f_01kka4c0arfmr8j1xpgbcph3f9,f_01kka4c0arfmr8j1xpgbcph3f9,County Commissioner,1,Republican
Woodleigh H Hughes,https://www.mainecampaignfinancedisclosure.com/public/filers/f_01kf4eat87emk8zw7zqqnqcm74,f_01kf4eat87emk8zw7zqqnqcm74,Representative,78,Democratic
Wyatt Beaulieu,https://www.mainecampaignfinancedisclosure.com/public/filers/f_01khpk9kb8fystaqb7yjan9802,f_01khpk9kb8fystaqb7yjan9802,Representative,60,Republican
Yusuf Yusuf,https://www.mainecampaignfinancedisclosure.com/public/filers/f_01kmr8kwe3e68rk33j2a881tva,f_01kmr8kwe3e68rk33j2a881tva,Representative,118,Democratic
Zachary Anders Wood,https://www.mainecampaignfinancedisclosure.com/public/filers/f_01k89h8gcjegf9qpwdmgdab8ad,f_01k89h8gcjegf9qpwdmgdab8ad,Senator,4,Republican
Zachary Lejonhud,https://www.mainecampaignfinancedisclosure.com/public/filers/f_01kke1dfp9ezptmkn927b42q5y,f_01kke1dfp9ezptmkn927b42q5y,Representative,68,Unenrolled
Zachary T. Wyles,https://www.mainecampaignfinancedisclosure.com/public/filers/f_01kf4eat87emk8zw7zw01xc0nb,f_01kf4eat87emk8zw7zw01xc0nb,Representative,26,Republican
