filer_name,filer_url,total_contributions,total_monetary_contributions,total_inkind_contributions,total_expenditures,current_cash_balance,current_loan_balance,current_debt_balance,latest_filing_name,latest_filing_date,filing_period_end,scrape_date
Hannah Pingree,https://www.mainecampaignfinancedisclosure.com/public/filers/f_01k89h8gcjegf9qpwdk7sh8g2x,3039523.78,2929306.73,15159.06,2170179.71,854185.01,70000.00,0.00,42-Day Post-Primary Report,07/21/2026,07/14/2026,2026-07-29
Robert B. Charles,https://www.mainecampaignfinancedisclosure.com/public/filers/f_01k89h8gchec793758ps9e4z21,1334066.66,1091331.38,16293.62,1138749.37,179023.67,220000.00,0.00,42-Day Post-Primary Report,07/22/2026,07/14/2026,2026-07-29
Richard Bennett,https://www.mainecampaignfinancedisclosure.com/public/filers/f_01k89h8gchec793758p61wtfg5,781017.95,778060.43,2957.52,683869.31,94191.12,0.00,0.00,42-Day Post-Primary Report,07/21/2026,07/14/2026,2026-07-29
Aaron Dana,https://www.mainecampaignfinancedisclosure.com/public/filers/f_01kj8bcwvpfxs9gnx7ds7v5h55,950.0,950.0,0.0,2180.95,27832.22,0.0,0.0,42-Day Post-Primary MCEA Report,07/21/2026,07/14/2026,2026-08-04
Abigail Geer,https://www.mainecampaignfinancedisclosure.com/public/filers/f_01kkemta5ceeet0vfqnzxf4tm6,990.0,990.0,0.0,4626.1,6963.88,0.0,0.0,42-Day Post-Primary MCEA Report,07/21/2026,07/14/2026,2026-08-04
Adam Joseph Shaw,https://www.mainecampaignfinancedisclosure.com/public/filers/f_01kqw9ypheesfvz8nzde0m69xy,0.0,0.0,0.0,0.0,0.0,0.0,0.0,42-Day Post-Primary Report,08/03/2026,07/14/2026,2026-08-04
Adam R. Lee,https://www.mainecampaignfinancedisclosure.com/public/filers/f_01k89h8gcjegf9qpwdgy2aczf6,18411.5,18411.5,0.0,887.43,17524.07,0.0,0.0,42-Day Post-Primary Report,07/15/2026,07/14/2026,2026-08-04
Adrienne Paul,https://www.mainecampaignfinancedisclosure.com/public/filers/f_01kd8w6ftve6dak61qbjfd3zct,1000.0,1000.0,0.0,4701.02,6247.11,0.0,0.0,42-Day Post-Primary MCEA Report,07/22/2026,07/14/2026,2026-08-04
Alan Lee Orcutt,https://www.mainecampaignfinancedisclosure.com/public/filers/f_01kf4eat87emk8zw7zvjnqyhb2,1000.0,1000.0,0.0,2734.0,5566.0,0.0,0.0,42-Day Post-Primary MCEA Report,07/28/2026,07/14/2026,2026-08-04
Alexander Kenneth Murchison,https://www.mainecampaignfinancedisclosure.com/public/filers/f_01k89h8gcjegf9qpwdjcrsf6kx,880.04,880.04,0.0,880.04,0.0,0.0,0.0,42-Day Pre-Primary Report,04/23/2026,04/21/2026,2026-08-04
Alexandros Orestis,https://www.mainecampaignfinancedisclosure.com/public/filers/f_01k89h8gcjegf9qpwdjh195cxy,1000.0,800.0,200.0,2011.01,11037.33,0.0,0.0,42-Day Post-Primary MCEA Report,07/20/2026,07/14/2026,2026-08-04
Alfred Frank Schutz,https://www.mainecampaignfinancedisclosure.com/public/filers/f_01kf4eat87emk8zw806694vrsv,0.0,0.0,0.0,0.0,0.0,0.0,0.0,,,,2026-08-04
Alicia Barnes,https://www.mainecampaignfinancedisclosure.com/public/filers/f_01kh7aw325emnss1mkgk76stge,0.0,0.0,0.0,0.0,0.0,0.0,0.0,,,,2026-08-04
Alicia Collins,https://www.mainecampaignfinancedisclosure.com/public/filers/f_01k89h8gchec793758q3df2kqk,13301.02,12920.12,380.0,3666.74,9254.28,0.0,0.0,42-Day Post-Primary Report,07/20/2026,07/14/2026,2026-08-04
Allen Anthony Daggett,https://www.mainecampaignfinancedisclosure.com/public/filers/f_01kd8w6ftve6dak61qdf582ryp,3676.0,3676.0,0.0,2868.48,807.52,0.0,0.0,42-Day Post-Primary Report,06/27/2026,07/14/2026,2026-08-04
Allison Perkins,https://www.mainecampaignfinancedisclosure.com/public/filers/f_01kmjvs0z8etxv8z67agwkd6hh,0.0,0.0,0.0,0.0,0.0,0.0,0.0,42-Day Post-Primary Report,07/23/2026,07/14/2026,2026-08-04
Amanda Collamore,https://www.mainecampaignfinancedisclosure.com/public/filers/f_01kjgfpadxexg90c2ek2tbxz1d,5022.09,5022.09,0.0,476.69,4545.4,0.0,0.0,42-Day Post-Primary Report,07/21/2026,07/14/2026,2026-08-04
Amanda Heath,https://www.mainecampaignfinancedisclosure.com/public/filers/f_01kh53e0fcejjbpw9eztbr958y,3000.0,3000.0,0.0,5565.58,26580.47,0.0,1000.0,42-Day Post-Primary MCEA Report,07/20/2026,07/14/2026,2026-08-04
Ambureen Rana,https://www.mainecampaignfinancedisclosure.com/public/filers/f_01kh7py2t8eptvk536vv6t74av,1000.0,1000.0,0.0,1172.92,7114.0,0.0,0.0,42-Day Post-Primary MCEA Report,07/21/2026,07/14/2026,2026-08-04
Amy D. Kuhn,https://www.mainecampaignfinancedisclosure.com/public/filers/f_01kf4eat85e79st2re6fbvnhaf,950.0,950.0,0.0,1798.97,1825.84,0.0,0.0,42-Day Post-Primary MCEA Report,07/21/2026,07/14/2026,2026-08-04
Amy J Roeder,https://www.mainecampaignfinancedisclosure.com/public/filers/f_01kf4eat87emk8zw805eq8wtes,3000.0,3000.0,0.0,6944.53,31830.47,0.0,0.0,42-Day Post-Primary MCEA Report,07/21/2026,07/14/2026,2026-08-04
Andrew Gattine,https://www.mainecampaignfinancedisclosure.com/public/filers/f_01kjve1c8tfaeav5bv9g3xmf4x,3226.31,3226.31,0.0,6.95,3219.36,0.0,0.0,42-Day Post-Primary Report,07/21/2026,07/14/2026,2026-08-04
Andrew Laverdiere,https://www.mainecampaignfinancedisclosure.com/public/filers/f_01kj8r7chtftysh4585hd8v35v,138.22,100.0,38.22,66.28,33.72,0.0,0.0,42-Day Pre-Primary Report,06/22/2026,04/21/2026,2026-08-04
Andrew Parker,https://www.mainecampaignfinancedisclosure.com/public/filers/f_01khrk63bkfc9v8qct98rjbbxj,0.0,0.0,0.0,0.0,0.0,0.0,0.0,,,,2026-08-04
Andrew R. Torbett,https://www.mainecampaignfinancedisclosure.com/public/filers/f_01k89h8gcjegf9qpwdm13m7rp3,3565.0,3563.0,0.0,1193.46,2371.54,0.0,0.0,42-Day Post-Primary Report,07/21/2026,07/14/2026,2026-08-04
Andrew Zarro,https://www.mainecampaignfinancedisclosure.com/public/filers/f_01kf4eat87emk8zw7zq9knyrfg,3765.0,3765.0,0.0,117.8,3647.2,0.0,0.0,42-Day Post-Primary Report,07/20/2026,07/14/2026,2026-08-04
"Angus S. King, III",https://www.mainecampaignfinancedisclosure.com/public/filers/f_01k89h8gcjegf9qpwdgspj23sn,2065629.93,1311847.31,53782.62,2005254.36,6592.95,700000.0,0.0,42-Day Post-Primary Report,07/16/2026,07/14/2026,2026-08-04
Annalyse Sarvinas,https://www.mainecampaignfinancedisclosure.com/public/filers/f_01kjx6x0s7ferb3wwth1va070z,1000.0,1000.0,0.0,2517.85,12368.14,0.0,0.0,42-Day Post-Primary MCEA Report,07/21/2026,07/14/2026,2026-08-04
Anne Carney,https://www.mainecampaignfinancedisclosure.com/public/filers/f_01kkq0f05cfr8vp4m31qgf7t43,193.17,193.17,0.0,0.0,193.17,0.0,0.0,42-Day Post-Primary Report,07/16/2026,07/14/2026,2026-08-04
Anne Graham,https://www.mainecampaignfinancedisclosure.com/public/filers/f_01kh7mxyq2ext9hgbpd5abe40f,600.0,600.0,0.0,642.78,7257.22,0.0,0.0,42-Day Post-Primary MCEA Report,07/20/2026,07/14/2026,2026-08-04
Ann Higgins Matlack,https://www.mainecampaignfinancedisclosure.com/public/filers/f_01kd8w6ftve6dak61qabe2se84,0.0,0.0,0.0,2765.4,46259.6,0.0,0.0,42-Day Post-Primary MCEA Report,07/15/2026,07/14/2026,2026-08-04
Annie Christy,https://www.mainecampaignfinancedisclosure.com/public/filers/f_01kkh53shrepdvrvfw6672kzns,0.0,0.0,0.0,0.0,0.0,0.0,0.0,,,,2026-08-04
Anthony M. Weaver,https://www.mainecampaignfinancedisclosure.com/public/filers/f_01kk2107j5f2esb7c3vm6702mt,0.0,0.0,0.0,0.0,0.0,0.0,0.0,42-Day Post-Primary Report,07/21/2026,07/14/2026,2026-08-04
April Fournier,https://www.mainecampaignfinancedisclosure.com/public/filers/f_01khgv684df34r8hv39qv2dx3n,871.0,871.0,0.0,30.5,840.5,0.0,0.0,42-Day Post-Primary Report,07/20/2026,07/14/2026,2026-08-04
Arlie Hetrick Jr.,https://www.mainecampaignfinancedisclosure.com/public/filers/f_01kjzxda0wf8pagve0ns51tw12,580.0,580.0,0.0,948.52,10191.48,0.0,379.5,42-Day Post-Primary MCEA Report,07/17/2026,07/14/2026,2026-08-04
Arthur K. Mingo,https://www.mainecampaignfinancedisclosure.com/public/filers/f_01kkckhq5sexyt8cce350crze9,2705.29,2705.29,0.0,110.32,2594.97,0.0,0.0,42-Day Post-Primary Report,07/22/2026,07/14/2026,2026-08-04
Austin Theriault,https://www.mainecampaignfinancedisclosure.com/public/filers/f_01kk20ee52fk8rxagvk7gwp6t0,28102.13,27711.78,390.35,856.62,26855.16,0.0,0.0,42-Day Post-Primary Report,07/21/2026,07/14/2026,2026-08-04
Ayn Hanselmann,https://www.mainecampaignfinancedisclosure.com/public/filers/f_01kj8g9wepfwcvvr9evsxxerer,1000.0,1000.0,0.0,1891.88,6405.59,0.0,0.0,42-Day Post-Primary MCEA Report,07/22/2026,07/14/2026,2026-08-04
Azalea Cormier,https://www.mainecampaignfinancedisclosure.com/public/filers/f_01khcbzabeetvr2e4yqxtkcagb,1000.0,1000.0,0.0,1000.0,7300.0,0.0,44.0,42-Day Post-Primary MCEA Report,07/21/2026,07/14/2026,2026-08-04
Barbara Anne Bagshaw,https://www.mainecampaignfinancedisclosure.com/public/filers/f_01kf4eat87emk8zw7zs70f1znk,1000.0,1000.0,0.0,5995.48,15504.52,0.0,0.0,42-Day Post-Primary MCEA Report,07/20/2026,07/14/2026,2026-08-04
Benjamin Hymes,https://www.mainecampaignfinancedisclosure.com/public/filers/f_01kk233d79f0h97c3x9xyvh6x3,2437.56,2437.56,0.0,806.69,1630.87,0.0,0.0,42-Day Post-Primary Report,07/20/2026,07/14/2026,2026-08-04
Benjamin Midgley,https://www.mainecampaignfinancedisclosure.com/public/filers/f_01k89h8gcjegf9qpwdj35cyd8c,1133469.0,338923.0,32046.0,1101379.15,43.85,762500.0,0.0,42-Day Post-Primary Report,07/20/2026,07/14/2026,2026-08-04
Bernard Robert Porter,https://www.mainecampaignfinancedisclosure.com/public/filers/f_01kf4eat87emk8zw803s9zw88e,2395.0,2395.0,0.0,0.0,2395.0,0.0,0.0,42-Day Post-Primary Report,07/22/2026,07/14/2026,2026-08-04
Billy Bob Faulkingham,https://www.mainecampaignfinancedisclosure.com/public/filers/f_01kh7rd5bjfyts6f6rnzy853jp,25620.0,25620.0,0.0,19391.76,6228.24,0.0,0.0,42-Day Post-Primary Report,07/20/2026,07/14/2026,2026-08-04
Bradley Moulton,https://www.mainecampaignfinancedisclosure.com/public/filers/f_01kh7pnsy8f6qb2cav67pygv7f,50.0,50.0,0.0,229.0,8754.0,0.0,0.0,42-Day Post-Primary MCEA Report,08/03/2026,07/14/2026,2026-08-04
Bradley Youngs,https://www.mainecampaignfinancedisclosure.com/public/filers/f_01kf4eat87emk8zw7zxf35wt3e,993.59,990.0,0.0,2783.67,10459.89,0.0,0.0,42-Day Post-Primary MCEA Report,07/21/2026,07/14/2026,2026-08-04
Brady Alden Clark,https://www.mainecampaignfinancedisclosure.com/public/filers/f_01kf4eat87emk8zw7zxa92m2rk,2006.2,2006.2,0.0,2001.2,5.0,0.0,0.0,42-Day Post-Primary Report,07/28/2026,07/14/2026,2026-08-04
Braeden Webber,https://www.mainecampaignfinancedisclosure.com/public/filers/f_01kh546xgjef49evnsqb3g36an,1000.0,1000.0,0.0,1600.1,6698.9,0.0,0.0,42-Day Post-Primary MCEA Report,07/20/2026,07/14/2026,2026-08-04
Bret Martel,https://www.mainecampaignfinancedisclosure.com/public/filers/f_01ktkk3fn7ex2be7aaxr5zrwr8,2551.65,2551.65,0.0,544.05,2007.6,0.0,0.0,42-Day Post-Primary Report,07/27/2026,07/14/2026,2026-08-04
Brett Barrett,https://www.mainecampaignfinancedisclosure.com/public/filers/f_01kq04mb2dfkfrjc6tehd0w8ad,0.0,0.0,0.0,0.0,0.0,0.0,0.0,42-Day Post-Primary Report,07/21/2026,07/14/2026,2026-08-04
Brian Ames,https://www.mainecampaignfinancedisclosure.com/public/filers/f_01kj8h5wwzenxsm3mdk8j80eth,1000.0,1000.0,0.0,1812.33,14737.43,0.0,0.0,42-Day Post-Primary MCEA Report,07/18/2026,07/14/2026,2026-08-04
Brianna Lueck,https://www.mainecampaignfinancedisclosure.com/public/filers/f_01kp3fa4azfdm8rbczpey8gh6c,1000.0,1000.0,0.0,1548.02,6739.71,0.0,550.0,42-Day Post-Primary MCEA Report,07/20/2026,07/14/2026,2026-08-04
Bruce Archer,https://www.mainecampaignfinancedisclosure.com/public/filers/f_01kmg5m88kevv9sd8y3ygtbae2,0.0,0.0,0.0,0.0,0.0,0.0,0.0,,,,2026-08-04
Bruce Bickford,https://www.mainecampaignfinancedisclosure.com/public/filers/f_01kf4eat87emk8zw8037vfnx57,3000.0,3000.0,0.0,5426.19,33348.81,0.0,0.0,42-Day Post-Primary MCEA Report,07/21/2026,07/14/2026,2026-08-04
Caleb Joseph Chase,https://www.mainecampaignfinancedisclosure.com/public/filers/f_01kf4eat87emk8zw802fs32kqw,995.0,995.0,0.0,3402.35,6517.97,0.0,0.0,2026 Seed Money Report - Legislative,07/21/2026,,2026-08-04
Caleb Joshua NESS,https://www.mainecampaignfinancedisclosure.com/public/filers/f_01kd8w6ftve6dak61qb17c3xm1,1000.0,1000.0,0.0,1523.5,11726.49,0.0,0.0,42-Day Post-Primary MCEA Report,07/22/2026,07/14/2026,2026-08-04
Cameron Reny,https://www.mainecampaignfinancedisclosure.com/public/filers/f_01kf4eat87emk8zw802r6qsmqj,200.0,200.0,0.0,3837.37,52006.0,0.0,0.0,42-Day Post-Primary MCEA Report,07/16/2026,07/14/2026,2026-08-04
Cassandra Anne Dove,https://www.mainecampaignfinancedisclosure.com/public/filers/f_01kmg22ceqedqb23rhh00b24ed,250.0,250.0,0.0,212.15,37.85,0.0,0.0,42-Day Post-Primary Report,07/17/2026,07/14/2026,2026-08-04
Cassie L. Julia,https://www.mainecampaignfinancedisclosure.com/public/filers/f_01kf4eat87emk8zw808v68x4xe,900.0,900.0,0.0,871.45,7300.0,0.0,0.0,42-Day Post-Primary MCEA Report,07/17/2026,07/14/2026,2026-08-04
Catherine Gordon,https://www.mainecampaignfinancedisclosure.com/public/filers/f_01khpg6dw8fjssyrmdph7zehyg,0.0,0.0,0.0,0.0,0.0,0.0,0.0,,,,2026-08-04
Chad Richard Perkins,https://www.mainecampaignfinancedisclosure.com/public/filers/f_01k89h8gcjegf9qpwdjyem3kpv,8524.84,8524.84,0.0,7570.69,954.15,0.0,0.0,42-Day Post-Primary Report,07/21/2026,07/14/2026,2026-08-04
Chad Syphers,https://www.mainecampaignfinancedisclosure.com/public/filers/f_01knpwtd8kedya2qb543bk6y98,1000.0,1000.0,0.0,900.0,100.0,0.0,0.0,42-Day Post-Primary Report,07/14/2026,07/14/2026,2026-08-04
Charles Edward Tilburg,https://www.mainecampaignfinancedisclosure.com/public/filers/f_01kd8w6ftweefsxt0c9fdgtr40,1000.0,1000.0,0.0,2245.58,19249.96,0.0,0.0,42-Day Post-Primary MCEA Report,07/21/2026,07/14/2026,2026-08-04
"Charles Hippler, IV",https://www.mainecampaignfinancedisclosure.com/public/filers/f_01kh9af49vfg4aa1zk0wwbfqdw,9833.75,5900.0,433.75,1728.26,7671.74,3500.0,0.0,42-Day Post-Primary Report,07/22/2026,07/14/2026,2026-08-04
Charlotte Nutt,https://www.mainecampaignfinancedisclosure.com/public/filers/f_01kf4eat87emk8zw7zqh9vc9yv,1000.0,1000.0,0.0,2999.54,18487.68,0.0,0.0,42-Day Post-Primary MCEA Report,07/20/2026,07/14/2026,2026-08-04
Cheryl A Golek,https://www.mainecampaignfinancedisclosure.com/public/filers/f_01kf4eat87emk8zw803b1rxvvz,700.0,700.0,0.0,653.18,8986.91,0.0,0.0,42-Day Post-Primary MCEA Report,07/20/2026,07/14/2026,2026-08-04
Cheryl Hewes,https://www.mainecampaignfinancedisclosure.com/public/filers/f_01kjxc6qyvf5hb3rnjp3hrypzg,3000.0,3000.0,0.0,10192.24,21957.76,0.0,0.0,42-Day Post-Primary MCEA Report,08/02/2026,07/14/2026,2026-08-04
Chester B. Grover III,https://www.mainecampaignfinancedisclosure.com/public/filers/f_01kf4eat87emk8zw7zxhdfxmn7,1000.0,1000.0,0.0,4908.89,5037.97,0.0,0.0,42-Day Post-Primary MCEA Report,07/19/2026,07/14/2026,2026-08-04
Chris P Austin,https://www.mainecampaignfinancedisclosure.com/public/filers/f_01kd8w6ftweefsxt0catda4wkv,5335.5,5302.86,32.64,3839.91,1462.95,0.0,0.0,42-Day Post-Primary Report,07/15/2026,07/14/2026,2026-08-04
Christina Mitchell,https://www.mainecampaignfinancedisclosure.com/public/filers/f_01kh7p4z7gecdv7wkwc3ekmxyn,1000.0,1000.0,0.0,1428.95,16768.0,0.0,14467.0,42-Day Post-Primary MCEA Report,07/15/2026,07/14/2026,2026-08-04
Christopher Alfred Lewey,https://www.mainecampaignfinancedisclosure.com/public/filers/f_01kd8w6ftve6dak61qbwrd7k2b,1000.0,1000.0,0.0,3357.59,18141.85,0.0,0.0,42-Day Post-Primary MCEA Report,07/20/2026,07/14/2026,2026-08-04
Christopher Easton,https://www.mainecampaignfinancedisclosure.com/public/filers/f_01kh540px5fc9t4q0ydv9wpgg3,1000.0,1000.0,0.0,2159.03,19340.89,0.0,0.0,42-Day Post-Primary MCEA Report,07/15/2026,07/14/2026,2026-08-04
Clifford Noyes,https://www.mainecampaignfinancedisclosure.com/public/filers/f_01kp65hmj3f0cvb6rz3yxfgbcz,0.0,0.0,0.0,0.0,0.0,0.0,0.0,42-Day Post-Primary Report,07/14/2026,07/14/2026,2026-08-04
Clifton Foster,https://www.mainecampaignfinancedisclosure.com/public/filers/f_01kpy22g9kfxfsg5vmxwpdc3py,0.0,0.0,0.0,0.0,0.0,0.0,0.0,42-Day Post-Primary Report,07/28/2026,07/14/2026,2026-08-04
Clinton  Brooks,https://www.mainecampaignfinancedisclosure.com/public/filers/f_01kkyf9r4feyct0155j1gyz7as,0.0,0.0,0.0,0.0,0.0,0.0,0.0,,,,2026-08-04
Clinton Collamore,https://www.mainecampaignfinancedisclosure.com/public/filers/f_01kf4eat87emk8zw805hf3gecd,5530.13,5530.13,0.0,2593.05,2937.08,0.0,0.0,42-Day Post-Primary Report,07/28/2026,07/14/2026,2026-08-04
Clinton Phinney Jr.,https://www.mainecampaignfinancedisclosure.com/public/filers/f_01kh991tnqfths1f70tf6e9k5x,1000.0,1000.0,0.0,3900.0,425.0,0.0,0.0,42-Day Post-Primary MCEA Report,07/17/2026,07/14/2026,2026-08-04
Corey Stephen Bouchard,https://www.mainecampaignfinancedisclosure.com/public/filers/f_01kd8w6ftve6dak61q9ybkaw91,0.0,0.0,0.0,0.0,0.0,0.0,0.0,,,,2026-08-04
Corinna Cole,https://www.mainecampaignfinancedisclosure.com/public/filers/f_01kf4eat87emk8zw808gp5h03v,50.0,50.0,0.0,209.24,7140.01,0.0,0.0,42-Day Post-Primary MCEA Report,07/20/2026,07/14/2026,2026-08-04
Cory Raymond,https://www.mainecampaignfinancedisclosure.com/public/filers/f_01kh7sp9p3fgtv5kbpq4t939pj,3070.0,3070.0,0.0,1820.48,1249.52,0.0,0.0,42-Day Post-Primary Report,07/20/2026,07/14/2026,2026-08-04
Craig Hickman,https://www.mainecampaignfinancedisclosure.com/public/filers/f_01k89h8gcjegf9qpwdg9yraz62,13069.13,13069.13,0.0,2948.29,10120.84,0.0,0.0,42-Day Post-Primary Report,07/21/2026,07/14/2026,2026-08-04
Cynthia Soma-Hernandez,https://www.mainecampaignfinancedisclosure.com/public/filers/f_01kka0qrbsfzdrf7brrnbrkkfa,819.47,819.47,0.0,966.67,7105.52,0.0,0.0,42-Day Post-Primary MCEA Report,07/14/2026,07/14/2026,2026-08-04
Dale John Crafts,https://www.mainecampaignfinancedisclosure.com/public/filers/f_01kf4eat87emk8zw7zwbq9rs0h,0.0,0.0,0.0,0.0,0.0,0.0,0.0,42-Day Post-Primary Report,07/30/2026,07/14/2026,2026-08-04
Dana Marie Appleby,https://www.mainecampaignfinancedisclosure.com/public/filers/f_01kn23339keq8v2thmj33r5qvt,0.0,0.0,0.0,0.0,0.0,0.0,0.0,,,,2026-08-04
Dana Staples,https://www.mainecampaignfinancedisclosure.com/public/filers/f_01kh530xyse9pa9c702nb29aea,1000.0,1000.0,0.0,3708.64,17791.36,0.0,0.0,42-Day Post-Primary MCEA Report,07/20/2026,07/14/2026,2026-08-04
Daniel Daley,https://www.mainecampaignfinancedisclosure.com/public/filers/f_01kh6fdw5qeyvawhm7btwkzv86,4865.4,400.0,0.0,7446.32,,3780.46,0.0,42-Day Post-Primary Report,07/15/2026,07/14/2026,2026-08-04
Daniel Joseph Ankeles,https://www.mainecampaignfinancedisclosure.com/public/filers/f_01kf4eat87emk8zw7zvwcwrnvd,1000.0,1000.0,0.0,975.88,7300.0,0.0,0.0,42-Day Post-Primary MCEA Report,07/14/2026,07/14/2026,2026-08-04
Daniel LaPointe,https://www.mainecampaignfinancedisclosure.com/public/filers/f_01kh93ky4pf5psgxm3p8nyaqs1,0.0,0.0,0.0,0.0,0.0,0.0,0.0,,,,2026-08-04
Daniel Sayre,https://www.mainecampaignfinancedisclosure.com/public/filers/f_01kd8w6ftve6dak61qdwd3tm92,3000.0,3000.0,0.0,7382.56,51267.44,0.0,0.0,42-Day Post-Primary MCEA Report,07/21/2026,07/14/2026,2026-08-04
Daniel Simonds,https://www.mainecampaignfinancedisclosure.com/public/filers/f_01kn2940f1eecb81xcpeyj53wf,1000.0,1000.0,0.0,1000.0,8950.0,0.0,0.0,42-Day Post-Primary MCEA Report,07/28/2026,07/14/2026,2026-08-04
Dani O'Halloran,https://www.mainecampaignfinancedisclosure.com/public/filers/f_01kf4eat87emk8zw7zyty4t5nc,1000.0,1000.0,0.0,997.0,20500.0,0.0,0.0,42-Day Post-Primary MCEA Report,07/21/2026,07/14/2026,2026-08-04
Danny E Costain,https://www.mainecampaignfinancedisclosure.com/public/filers/f_01k89h8gchec793758q5em2y1d,6760.65,4500.0,0.0,6760.55,0.1,2260.65,0.0,42-Day Post-Primary Report,07/22/2026,07/14/2026,2026-08-04
David Duguay,https://www.mainecampaignfinancedisclosure.com/public/filers/f_01kqsn38yhf6sbk53n7tfpb3rs,5100.0,0.0,0.0,1026.52,4073.48,5100.0,0.0,42-Day Post-Primary Report,07/17/2026,07/14/2026,2026-08-04
David G. Haggan,https://www.mainecampaignfinancedisclosure.com/public/filers/f_01kf4eat87emk8zw80332jnkf9,3000.0,3000.0,0.0,3000.0,29150.0,0.0,0.0,42-Day Post-Primary MCEA Report,07/20/2026,07/14/2026,2026-08-04
David Giles,https://www.mainecampaignfinancedisclosure.com/public/filers/f_01k89h8gchec793758rg3x0h7a,5301.02,2301.02,0.0,4115.46,1185.56,3000.0,0.0,42-Day Post-Primary Report,07/21/2026,07/14/2026,2026-08-04
David H. McCrea,https://www.mainecampaignfinancedisclosure.com/public/filers/f_01kf4eat87emk8zw8044fd19cs,950.0,950.0,0.0,1613.62,19836.38,0.0,0.0,42-Day Post-Primary MCEA Report,07/20/2026,07/14/2026,2026-08-04
David J Foster,https://www.mainecampaignfinancedisclosure.com/public/filers/f_01kd8w6ftve6dak61qdn7an4e1,0.0,0.0,0.0,0.0,0.0,0.0,0.0,,,,2026-08-04
David John Jones,https://www.mainecampaignfinancedisclosure.com/public/filers/f_01k89h8gcjegf9qpwdgpxwtedt,551996.87,388207.51,138630.91,413365.96,0.0,0.0,0.0,42-Day Post-Primary Report,07/21/2026,07/14/2026,2026-08-04
David Potvin,https://www.mainecampaignfinancedisclosure.com/public/filers/f_01knsyfdnsetyrcbw079p8sbz7,1000.0,1000.0,0.0,0.0,1000.0,0.0,0.0,42-Day Post-Primary Report,07/21/2026,07/14/2026,2026-08-04
David Roland Mongeau II,https://www.mainecampaignfinancedisclosure.com/public/filers/f_01kd8w6ftve6dak61q8wmzh7dy,1000.98,1000.0,0.0,987.06,7255.0,0.0,0.0,42-Day Post-Primary MCEA Report,07/20/2026,07/14/2026,2026-08-04
David Sinclair,https://www.mainecampaignfinancedisclosure.com/public/filers/f_01kh7q2ysefn8tvdxq131wrxr4,0.0,0.0,0.0,0.0,0.0,0.0,0.0,42-Day Post-Primary Report,07/20/2026,07/14/2026,2026-08-04
David Ulrich,https://www.mainecampaignfinancedisclosure.com/public/filers/f_01kpr44cfhfsvv1rk0cy7p2rc0,500.0,500.0,0.0,155.04,344.96,0.0,0.0,42-Day Post-Primary Report,07/21/2026,07/14/2026,2026-08-04
"David Wayne Boyer, Jr.",https://www.mainecampaignfinancedisclosure.com/public/filers/f_01k89h8gchec793758pc2maqwk,15721.07,15594.22,126.85,3306.6,12287.62,0.0,0.0,42-Day Post-Primary Report,07/15/2026,07/14/2026,2026-08-04
David Wayne Guilmette,https://www.mainecampaignfinancedisclosure.com/public/filers/f_01kd8w6ftweefsxt0caxv1fsas,920.0,920.0,0.0,2231.78,10923.94,0.0,0.0,42-Day Post-Primary MCEA Report,08/03/2026,07/14/2026,2026-08-04
DEAN CRAY,https://www.mainecampaignfinancedisclosure.com/public/filers/f_01kjfw883mfg58grpjdsqd46ee,2198.5,2198.5,0.0,0.0,2198.5,0.0,0.0,42-Day Post-Primary Report,07/20/2026,07/14/2026,2026-08-04
Deane Rykerson,https://www.mainecampaignfinancedisclosure.com/public/filers/f_01kd8w6ftve6dak61qc28b2kj0,2885.0,2885.0,0.0,16014.93,0.0,0.0,0.0,42-Day Post-Primary MCEA Report,07/14/2026,07/14/2026,2026-08-04
Dean LePage,https://www.mainecampaignfinancedisclosure.com/public/filers/f_01kna1kf0qeykvrk4ynzb3tgmg,0.0,0.0,0.0,25.0,8925.0,0.0,0.0,42-Day Post-Primary MCEA Report,07/20/2026,07/14/2026,2026-08-04
Debora Farnham,https://www.mainecampaignfinancedisclosure.com/public/filers/f_01kjfq1cmjf3b9m3rgheh7cqnh,505.0,505.0,0.0,9.0,496.0,0.0,0.0,42-Day Post-Primary Report,07/21/2026,07/14/2026,2026-08-04
Denise Tepler,https://www.mainecampaignfinancedisclosure.com/public/filers/f_01kf4eat87emk8zw7zsb2b85fw,3000.0,3000.0,0.0,5221.58,8378.42,0.0,0.0,42-Day Post-Primary MCEA Report,07/17/2026,07/14/2026,2026-08-04
Derek Allen Levasseur,https://www.mainecampaignfinancedisclosure.com/public/filers/f_01kd8w6ftve6dak61qd6j9nk3m,24847.78,1335.0,480.78,24291.1,75.9,0.0,0.0,42-Day Post-Primary Report,08/03/2026,07/14/2026,2026-08-04
Devan Arnold,https://www.mainecampaignfinancedisclosure.com/public/filers/f_01kmr963pqesqrryyzjgg5yg4j,375.0,375.0,0.0,60.28,314.72,0.0,0.0,42-Day Post-Primary Report,07/19/2026,07/14/2026,2026-08-04
Dexter &#39;Buzz&#39; Bridges,https://www.mainecampaignfinancedisclosure.com/public/filers/f_01kkvvwpprek3b2x5fyxvmbmpb,755.0,755.0,0.0,4261.73,8093.27,0.0,0.0,42-Day Post-Primary MCEA Report,07/14/2026,07/14/2026,2026-08-04
Diana Kushnar,https://www.mainecampaignfinancedisclosure.com/public/filers/f_01kh520nqvfb49vj94drp9twss,9136.7,9136.7,0.0,1538.86,7597.84,0.0,0.0,42-Day Post-Primary Report,07/22/2026,07/14/2026,2026-08-04
D. Michael Ray,https://www.mainecampaignfinancedisclosure.com/public/filers/f_01kf4eat87emk8zw804hsgnc0v,1000.0,1000.0,0.0,992.23,8950.0,0.0,750.0,42-Day Post-Primary MCEA Report,07/21/2026,07/14/2026,2026-08-04
Domingo Torres,https://www.mainecampaignfinancedisclosure.com/public/filers/f_01kz3xbrc5fpxvvgkfq7knbv6n,0.0,0.0,0.0,0.0,0.0,0.0,0.0,,,,2026-08-04
Donald Ardell,https://www.mainecampaignfinancedisclosure.com/public/filers/f_01kjtcvk1xe0nbttq47wp378rx,146.23,146.23,0.0,0.0,146.23,0.0,0.0,42-Day Post-Primary Report,07/19/2026,07/14/2026,2026-08-04
Donna Bailey,https://www.mainecampaignfinancedisclosure.com/public/filers/f_01kd8w6ftve6dak61qe088snh8,900.0,900.0,0.0,3311.22,33195.24,0.0,0.0,42-Day Post-Primary MCEA Report,07/21/2026,07/14/2026,2026-08-04
Douglas A. Thomas,https://www.mainecampaignfinancedisclosure.com/public/filers/f_01kd8w6ftve6dak61qcss7qedk,1000.0,1000.0,0.0,2695.62,8904.38,0.0,2700.0,42-Day Post-Primary MCEA Report,07/22/2026,07/14/2026,2026-08-04
Douglas Colburn Carlisle Jr,https://www.mainecampaignfinancedisclosure.com/public/filers/f_01kd8w6ftve6dak61qag0hdrt0,1000.0,1000.0,0.0,3812.96,6087.32,0.0,0.0,42-Day Post-Primary MCEA Report,07/28/2026,07/14/2026,2026-08-04
Dr. Lucien Daigle,https://www.mainecampaignfinancedisclosure.com/public/filers/f_01kf4eat85e79st2re6bc8f0jc,2400.0,2400.0,0.0,3592.46,41205.84,0.0,0.0,42-Day Post-Primary MCEA Report,07/17/2026,07/14/2026,2026-08-04
Edward L. Paradis,https://www.mainecampaignfinancedisclosure.com/public/filers/f_01kk20nmstecqva6b5aepqx38z,0.0,0.0,0.0,0.0,0.0,0.0,0.0,42-Day Pre-Primary Report,05/04/2026,04/21/2026,2026-08-04
Edward Mathias Kamin III,https://www.mainecampaignfinancedisclosure.com/public/filers/f_01knsvqcw6fghbq2wvdfeyv1ph,0.0,0.0,0.0,0.0,0.0,0.0,0.0,,,,2026-08-04
Edwin M. Mitchell,https://www.mainecampaignfinancedisclosure.com/public/filers/f_01kf4eat87emk8zw7zt07ztc0j,3000.0,3000.0,0.0,3918.41,27524.77,0.0,0.0,42-Day Post-Primary Report,07/21/2026,07/14/2026,2026-08-04
Eleanor Sato,https://www.mainecampaignfinancedisclosure.com/public/filers/f_01khcgp2gcfkcbj9xjddrw1gy0,3000.0,3000.0,0.0,16249.56,0.0,0.0,0.0,42-Day Post-Primary MCEA Report,07/16/2026,07/14/2026,2026-08-04
Elizabeth Caruso,https://www.mainecampaignfinancedisclosure.com/public/filers/f_01kd8w6ftweefsxt0camvr8f9j,905.0,905.0,0.0,5951.91,24017.09,0.0,0.0,42-Day Post-Primary MCEA Report,07/22/2026,07/14/2026,2026-08-04
Elizabeth D. Bosworth,https://www.mainecampaignfinancedisclosure.com/public/filers/f_01kf4eat87emk8zw806vtshgkm,2865.0,2865.0,0.0,5786.84,39477.66,0.0,1000.0,42-Day Post-Primary Report,08/03/2026,07/14/2026,2026-08-04
Emily Dingman,https://www.mainecampaignfinancedisclosure.com/public/filers/f_01kmqnkp3aex5vze908k5s9jbd,0.0,0.0,0.0,0.0,0.0,0.0,0.0,,,,2026-08-04
Eric Boothroyd,https://www.mainecampaignfinancedisclosure.com/public/filers/f_01kmqv87vcew7b96gv3ehwmth0,600.0,600.0,0.0,0.0,600.0,0.0,0.0,42-Day Post-Primary Report,07/20/2026,07/14/2026,2026-08-04
Eric H Small,https://www.mainecampaignfinancedisclosure.com/public/filers/f_01kd8w6ftve6dak61qdtsf8ynm,3000.04,3000.0,0.0,3000.0,0.04,0.0,0.0,42-Day Post-Primary Report,06/26/2026,07/14/2026,2026-08-04
Eric Nathanson,https://www.mainecampaignfinancedisclosure.com/public/filers/f_01khps5zhtendbww8c5n64qcxz,1000.0,1000.0,0.0,978.58,7300.0,0.0,0.0,42-Day Post-Primary MCEA Report,07/29/2026,07/14/2026,2026-08-04
Eric White,https://www.mainecampaignfinancedisclosure.com/public/filers/f_01knpxc74sens86xd3mka1w97w,0.0,0.0,0.0,0.0,0.0,0.0,0.0,42-Day Post-Primary Report,07/08/2026,07/14/2026,2026-08-04
Erik Hobson,https://www.mainecampaignfinancedisclosure.com/public/filers/f_01kjqsh9hne1zamr8ekvtaf4np,1000.0,1000.0,0.0,2624.51,10625.49,0.0,0.0,42-Day Post-Primary MCEA Report,07/21/2026,07/14/2026,2026-08-04
Ernest Fitts IV,https://www.mainecampaignfinancedisclosure.com/public/filers/f_01knma71g1f15r9wdzdjnwb3xm,4720.0,4720.0,0.0,3988.29,731.71,0.0,0.0,42-Day Post-Primary Report,07/21/2026,07/14/2026,2026-08-04
Eryn Soule,https://www.mainecampaignfinancedisclosure.com/public/filers/f_01khyhyj3vexbs3x17f5mcpq2v,2400.0,2400.0,0.0,3221.02,28308.0,0.0,0.0,42-Day Post-Primary MCEA Report,07/21/2026,07/14/2026,2026-08-04
Ester Franklin,https://www.mainecampaignfinancedisclosure.com/public/filers/f_01kx1hwapafxdaq0ngc1hpajmn,0.0,0.0,0.0,0.0,0.0,0.0,0.0,42-Day Post-Primary Report,08/03/2026,07/14/2026,2026-08-04
Ethan Mongue,https://www.mainecampaignfinancedisclosure.com/public/filers/f_01khy973hyfr0tcv3xfpfs91aq,6441.46,6300.0,141.46,2606.5,3693.5,0.0,0.0,42-Day Post-Primary Report,07/22/2026,07/14/2026,2026-08-04
Flavia DeBrito,https://www.mainecampaignfinancedisclosure.com/public/filers/f_01khedptrpfj3t0r4arxww7sx2,423.0,423.0,0.0,423.0,7300.0,0.0,347.69,42-Day Post-Primary MCEA Report,07/21/2026,07/14/2026,2026-08-04
Frank Joseph Casella,https://www.mainecampaignfinancedisclosure.com/public/filers/f_01kf4eat87emk8zw7zy6jmmzc7,1000.0,1000.0,0.0,2328.63,8621.37,0.0,0.0,42-Day Post-Primary MCEA Report,07/19/2026,07/14/2026,2026-08-04
Garrett Paul Mason,https://www.mainecampaignfinancedisclosure.com/public/filers/f_01kf4eat87emk8zw801yf9banj,232302.82,182302.82,0.0,232302.82,0.0,0.0,0.0,42-Day Post-Primary Report,07/20/2026,07/14/2026,2026-08-04
Garrett Plummer,https://www.mainecampaignfinancedisclosure.com/public/filers/f_01kkh3pb8ye9t9nzksksy1sfz2,0.0,0.0,0.0,0.0,0.0,0.0,0.0,42-Day Pre-Primary Report,05/04/2026,04/21/2026,2026-08-04
Gary Friedmann,https://www.mainecampaignfinancedisclosure.com/public/filers/f_01khrhbsjmej2b3nngc0pjyp3q,0.0,0.0,0.0,0.0,8950.0,0.0,0.0,42-Day Post-Primary MCEA Report,07/21/2026,07/14/2026,2026-08-04
"Gary Gene Runnells, Jr.",https://www.mainecampaignfinancedisclosure.com/public/filers/f_01k89h8gcjegf9qpwdkcss1fz0,2435.0,2435.0,0.0,2336.0,99.0,0.0,0.0,42-Day Pre-Primary Report,04/21/2026,04/21/2026,2026-08-04
Genevieve Lemire,https://www.mainecampaignfinancedisclosure.com/public/filers/f_01kjj948ghfvz852drf972tbf4,515.0,515.0,0.0,450.12,7300.0,0.0,0.0,42-Day Post-Primary MCEA Report,07/30/2026,07/14/2026,2026-08-04
Gino Valeriani,https://www.mainecampaignfinancedisclosure.com/public/filers/f_01kk9gaqh9e3ebt3y0h074kj8d,1995.0,1995.0,0.0,1895.42,99.58,0.0,0.0,42-Day Post-Primary Report,07/20/2026,07/14/2026,2026-08-04
Glenn Chip Curry,https://www.mainecampaignfinancedisclosure.com/public/filers/f_01kf4eat87emk8zw7zwxef8z7f,2940.0,2940.0,0.0,5396.2,79691.77,0.0,1100.0,42-Day Post-Primary MCEA Report,07/21/2026,07/14/2026,2026-08-04
Gordon Frohloff,https://www.mainecampaignfinancedisclosure.com/public/filers/f_01km3y9dngf5dtp2qhe0rqy52x,0.0,0.0,0.0,0.0,0.0,0.0,0.0,,,,2026-08-04
Gordon Powell Street,https://www.mainecampaignfinancedisclosure.com/public/filers/f_01kf4eat87emk8zw8095ykjga1,1000.01,1000.0,0.0,1502.96,6789.0,0.0,0.0,42-Day Post-Primary MCEA Report,07/21/2026,07/14/2026,2026-08-04
Grayson Lookner,https://www.mainecampaignfinancedisclosure.com/public/filers/f_01kkhjx7vpfbktnqz3j3kj8jxw,150.0,150.0,0.0,141.0,2675.0,0.0,0.0,42-Day Post-Primary MCEA Report,07/21/2026,07/14/2026,2026-08-04
Gregory Pierce,https://www.mainecampaignfinancedisclosure.com/public/filers/f_01kf4eat87emk8zw7zzd7wchag,4050.0,4050.0,0.0,2702.25,1347.75,0.0,0.0,42-Day Post-Primary Report,07/21/2026,07/14/2026,2026-08-04
Guy Lebida,https://www.mainecampaignfinancedisclosure.com/public/filers/f_01khgtmd9kfw0s1d6s9cjedg49,686.0,686.0,0.0,686.0,0.0,0.0,0.0,42-Day Post-Primary Report,07/20/2026,07/14/2026,2026-08-04
Harold Hull,https://www.mainecampaignfinancedisclosure.com/public/filers/f_01kjx1zyakexy9qkgg638cymnm,0.0,0.0,0.0,0.0,0.0,0.0,0.0,42-Day Post-Primary Report,07/20/2026,07/14/2026,2026-08-04
Harold Stewart III,https://www.mainecampaignfinancedisclosure.com/public/filers/f_01kf4eat87emk8zw7zypzq9sdp,2495.0,2495.0,0.0,2895.0,35375.0,0.0,0.0,42-Day Post-Primary MCEA Report,07/15/2026,07/14/2026,2026-08-04
Harry White,https://www.mainecampaignfinancedisclosure.com/public/filers/f_01kkvzqjmvfjta321a1gkhp6bh,0.0,0.0,0.0,0.0,0.0,0.0,0.0,42-Day Post-Primary Report,07/16/2026,07/14/2026,2026-08-04
Henry Lawrence,https://www.mainecampaignfinancedisclosure.com/public/filers/f_01kn7wt00jfrkakpzdc68sxsz0,3229.7,3229.7,0.0,1474.34,1755.36,0.0,0.0,42-Day Post-Primary Report,07/21/2026,07/14/2026,2026-08-04
Henry L Ingwersen,https://www.mainecampaignfinancedisclosure.com/public/filers/f_01k89h8gcjegf9qpwdgfz5ayyz,2950.0,2950.0,0.0,5003.64,60218.17,0.0,0.0,42-Day Post-Primary MCEA Report,07/16/2026,07/14/2026,2026-08-04
Holly Rae Eaton,https://www.mainecampaignfinancedisclosure.com/public/filers/f_01khxwqn84ftjrbcqrt8e81zgn,530.0,530.0,0.0,850.62,6979.38,0.0,0.0,42-Day Post-Primary MCEA Report,07/20/2026,07/14/2026,2026-08-04
Holly Taylor Sargent,https://www.mainecampaignfinancedisclosure.com/public/filers/f_01kf4eat87emk8zw7zy0j60956,900.0,900.0,0.0,890.37,2675.0,0.0,0.0,42-Day Post-Primary MCEA Report,07/19/2026,07/14/2026,2026-08-04
H. Scott Landry,https://www.mainecampaignfinancedisclosure.com/public/filers/f_01kjtrwfqjff9vxac17ewp7jxz,7900.0,7900.0,0.0,439.58,7460.42,0.0,0.0,42-Day Post-Primary Report,07/23/2026,07/14/2026,2026-08-04
Irene Gifford,https://www.mainecampaignfinancedisclosure.com/public/filers/f_01kh7mp7mqf88rwddyy03947r8,0.0,0.0,0.0,3668.87,3631.13,0.0,0.0,42-Day Post-Primary MCEA Report,07/20/2026,07/14/2026,2026-08-04
Jack McCarthy,https://www.mainecampaignfinancedisclosure.com/public/filers/f_01kr1nwtr7frdavj6y86f2zcg9,313.39,0.0,313.39,0.0,0.0,0.0,0.0,42-Day Post-Primary Report,07/23/2026,07/14/2026,2026-08-04
Jacob Murray Wakem,https://www.mainecampaignfinancedisclosure.com/public/filers/f_01kky9j78rehzr1k7ft4aakqav,1000.0,1000.0,0.0,0.0,1000.0,0.0,0.0,42-Day Post-Primary Report,07/21/2026,07/14/2026,2026-08-04
James Berube,https://www.mainecampaignfinancedisclosure.com/public/filers/f_01kn4tkvnjesjbxrym6vhksxhc,0.0,0.0,0.0,0.0,0.0,0.0,0.0,42-Day Post-Primary Report,07/15/2026,07/14/2026,2026-08-04
James Delmas Libby,https://www.mainecampaignfinancedisclosure.com/public/filers/f_01k89h8gcjegf9qpwdh0hthqbk,17025.0,17025.0,0.0,16926.24,98.76,0.0,0.0,42-Day Pre-Primary Report,04/23/2026,04/21/2026,2026-08-04
"James E. Read, Jr.",https://www.mainecampaignfinancedisclosure.com/public/filers/f_01kkh4h3pketxt2bg483gc5r8c,0.0,0.0,0.0,0.0,0.0,0.0,0.0,,,,2026-08-04
James E Thorne,https://www.mainecampaignfinancedisclosure.com/public/filers/f_01k89h8gcjegf9qpwdky367vgq,100.0,100.0,0.0,0.0,7300.0,0.0,0.0,42-Day Post-Primary MCEA Report,07/08/2026,07/14/2026,2026-08-04
James F. Dill,https://www.mainecampaignfinancedisclosure.com/public/filers/f_01kf4eat87emk8zw80155agnc3,950.0,950.0,0.0,950.0,20500.0,0.0,0.0,42-Day Post-Primary MCEA Report,07/17/2026,07/14/2026,2026-08-04
James Lee White,https://www.mainecampaignfinancedisclosure.com/public/filers/f_01k89h8gcjegf9qpwdmbj0nrhj,2784.51,2784.51,0.0,486.41,2298.1,0.0,0.0,42-Day Post-Primary Report,07/15/2026,07/14/2026,2026-08-04
James McClymer,https://www.mainecampaignfinancedisclosure.com/public/filers/f_01kn23rexbe0gabby49dfzpbg8,0.0,0.0,0.0,0.0,0.0,0.0,0.0,42-Day Post-Primary Report,07/20/2026,07/14/2026,2026-08-04
James Michael Michaud,https://www.mainecampaignfinancedisclosure.com/public/filers/f_01kf4eat87emk8zw80080r9anc,964.33,964.33,0.0,964.33,0.0,0.0,0.0,42-Day Pre-Primary Report,07/23/2026,04/21/2026,2026-08-04
James Sorcek,https://www.mainecampaignfinancedisclosure.com/public/filers/f_01kf4eat87emk8zw7zz77h3gr7,325.04,305.0,20.04,891.59,6706.97,0.0,0.0,42-Day Post-Primary MCEA Report,07/19/2026,07/14/2026,2026-08-04
Jamie K Newton,https://www.mainecampaignfinancedisclosure.com/public/filers/f_01kd8w6ftve6dak61q95zhtbwm,2975.0,2975.0,0.0,1615.39,1359.61,0.0,0.0,42-Day Post-Primary Report,07/17/2026,07/14/2026,2026-08-04
Janel Underwood-Charette,https://www.mainecampaignfinancedisclosure.com/public/filers/f_01kxhh7avxe2ksc2gngyhbpqwx,0.0,0.0,0.0,0.0,0.0,0.0,0.0,,,,2026-08-04
Janet Beaudoin (Special),https://www.mainecampaignfinancedisclosure.com/public/filers/f_01kf4eat87emk8zw7zt9aedree,13541.0,13041.0,500.0,13041.0,0.0,0.0,0.0,42-Day Post-Special Election Report (2026 HD 94 Special Election),04/02/2026,,2026-08-04
Janet Inger Beaudoin,https://www.mainecampaignfinancedisclosure.com/public/filers/f_01kf4eat87emk8zw804bxd4ct0,11203.6,11203.6,0.0,1026.4,10177.2,0.0,0.0,42-Day Post-Primary Report,07/20/2026,07/14/2026,2026-08-04
Jantzen Stephen Craine,https://www.mainecampaignfinancedisclosure.com/public/filers/f_01kd8w6ftve6dak61q8n0axfbw,4408.48,1486.15,0.0,3505.77,902.71,2608.32,0.0,42-Day Post-Primary Report,07/20/2026,07/14/2026,2026-08-04
Jason Cherry,https://www.mainecampaignfinancedisclosure.com/public/filers/f_01kkhac7rafydaefcfm5t2xjg3,900.0,0.0,0.0,900.0,0.0,0.0,0.0,42-Day Post-Primary Report,07/28/2026,07/14/2026,2026-08-04
Jason G Litalien,https://www.mainecampaignfinancedisclosure.com/public/filers/f_01k89h8gcjegf9qpwdh8ya7bza,5910.49,5705.0,0.0,3432.7,2477.79,205.49,0.0,42-Day Post-Primary Report,07/18/2026,07/14/2026,2026-08-04
Jason Lewis Copp,https://www.mainecampaignfinancedisclosure.com/public/filers/f_01kkckc2v4f0xa26gkkmgas14e,2550.0,2550.0,0.0,1998.0,552.0,0.0,0.0,42-Day Post-Primary Report,07/21/2026,07/14/2026,2026-08-04
Jason Seth Cherry,https://www.mainecampaignfinancedisclosure.com/public/filers/f_01k89h8gchec793758pxeckc2h,1000.0,0.0,0.0,1000.0,0.0,0.0,0.0,2026 July Semiannual Report,07/02/2026,,2026-08-04
Jason Shedlock,https://www.mainecampaignfinancedisclosure.com/public/filers/f_01khbrche9enrsfpxx1ffqgjxt,38677.31,38676.0,0.0,22248.88,16428.43,0.0,0.0,42-Day Post-Primary Report,07/28/2026,07/14/2026,2026-08-04
Jean Donovan,https://www.mainecampaignfinancedisclosure.com/public/filers/f_01kn7x9z2ker0t0ere86d983be,0.0,0.0,0.0,0.0,0.0,0.0,0.0,42-Day Pre-Primary Report,05/13/2026,04/21/2026,2026-08-04
Jedediah J. Rice,https://www.mainecampaignfinancedisclosure.com/public/filers/f_01kf4eat87emk8zw7zzprbfv8w,1000.0,1000.0,0.0,0.0,1000.0,0.0,0.0,11-Day Pre-Primary Report,07/27/2026,05/22/2026,2026-08-04
Jeff Adams,https://www.mainecampaignfinancedisclosure.com/public/filers/f_01kf4eat87emk8zw807kwz9n20,371.49,371.49,0.0,0.0,371.49,0.0,0.0,42-Day Post-Primary Report,07/21/2026,07/14/2026,2026-08-04
Jeff Harris,https://www.mainecampaignfinancedisclosure.com/public/filers/f_01kn04h7syegm99d0m7bpthym4,1000.0,1000.0,0.0,982.1,17.9,0.0,0.0,42-Day Post-Primary Report,07/23/2026,07/14/2026,2026-08-04
Jeffrey Timberlake,https://www.mainecampaignfinancedisclosure.com/public/filers/f_01kh7tcd41f1kb7t96jsbjdgcs,8155.22,8154.65,0.0,1241.26,6913.96,0.0,0.0,42-Day Post-Primary Report,07/21/2026,07/14/2026,2026-08-04
Jennifer Levesque,https://www.mainecampaignfinancedisclosure.com/public/filers/f_01kyw3s66retx8n0cw82p3446t,0.0,0.0,0.0,0.0,0.0,0.0,0.0,,,,2026-08-04
Jennifer Lynn Poirier,https://www.mainecampaignfinancedisclosure.com/public/filers/f_01kf4eat87emk8zw7zt4th9mye,3134.46,3134.46,0.0,400.05,2734.41,0.0,0.0,42-Day Post-Primary Report,07/16/2026,07/14/2026,2026-08-04
Jennifer Mayher,https://www.mainecampaignfinancedisclosure.com/public/filers/f_01kh53v1afek98sd5cgxn71est,1000.0,1000.0,0.0,5066.27,14771.99,0.0,0.0,42-Day Post-Primary MCEA Report,07/21/2026,07/14/2026,2026-08-04
Jeremy McArthur,https://www.mainecampaignfinancedisclosure.com/public/filers/f_01kya5q7ppffasgagpveg29c23,0.0,0.0,0.0,0.0,0.0,0.0,0.0,,,,2026-08-04
Jessica Blanchard,https://www.mainecampaignfinancedisclosure.com/public/filers/f_01knwjnbpgf30ak3nzejgvd3r1,2210.03,2210.03,0.0,442.55,1767.48,0.0,0.0,11-Day Pre-Primary Report,07/17/2026,05/22/2026,2026-08-04
Jill C. Duson,https://www.mainecampaignfinancedisclosure.com/public/filers/f_01kd8w6ftve6dak61q9m0pf0tv,1840.0,1840.0,0.0,1430.7,10600.0,0.0,0.0,42-Day Post-Primary MCEA Report,07/20/2026,07/14/2026,2026-08-04
Joel R Stetkis,https://www.mainecampaignfinancedisclosure.com/public/filers/f_01k89h8gcjegf9qpwdkvsnbmqf,17863.07,12863.07,0.0,12205.36,5657.71,5000.0,0.0,42-Day Post-Primary Report,07/26/2026,07/14/2026,2026-08-04
John Andrews,https://www.mainecampaignfinancedisclosure.com/public/filers/f_01k89h8gchec793758ntykfqfa,12217.32,10604.48,1612.84,3448.09,7156.39,0.0,0.0,42-Day Post-Primary Report,07/21/2026,07/14/2026,2026-08-04
John Baldwin,https://www.mainecampaignfinancedisclosure.com/public/filers/f_01kmn2mc8hecpsehgkg0hneymq,0.0,0.0,0.0,0.0,0.0,0.0,0.0,42-Day Post-Primary Report,07/09/2026,07/14/2026,2026-08-04
John Eder,https://www.mainecampaignfinancedisclosure.com/public/filers/f_01kf4eat87emk8zw7zwr5k17g8,6700.0,6700.0,0.0,109.99,6590.01,0.0,0.0,42-Day Post-Primary Report,07/21/2026,07/14/2026,2026-08-04
"John E. Ducharme, III",https://www.mainecampaignfinancedisclosure.com/public/filers/f_01kf4eat87emk8zw7zr8s89dyy,8116.7,8116.43,0.0,1490.5,6626.2,0.0,0.0,42-Day Post-Primary Report,07/21/2026,07/14/2026,2026-08-04
"John J. Contreni, Jr",https://www.mainecampaignfinancedisclosure.com/public/filers/f_01kmr1fshae20bjcrme2t7qkvw,0.0,0.0,0.0,0.0,0.0,0.0,0.0,,,,2026-08-04
"John Michael Glowa, Sr.",https://www.mainecampaignfinancedisclosure.com/public/filers/f_01k89h8gchec793758rqcwhq2q,29583.92,1180.0,7019.92,21678.56,885.44,21384.0,4727.0,42-Day Post-Primary Report,07/21/2026,07/14/2026,2026-08-04
John Murphy Salamone,https://www.mainecampaignfinancedisclosure.com/public/filers/f_01k89h8gcjegf9qpwdkjv5a54d,1685.3,1685.0,0.0,1707.87,,0.0,0.0,42-Day Pre-Primary Report,04/27/2026,04/21/2026,2026-08-04
John Reny,https://www.mainecampaignfinancedisclosure.com/public/filers/f_01kf4eat87emk8zw7zr1mj9q75,1000.0,1000.0,0.0,6592.42,14907.58,0.0,0.0,42-Day Post-Primary MCEA Report,07/19/2026,07/14/2026,2026-08-04
John Robert Henkelman III,https://www.mainecampaignfinancedisclosure.com/public/filers/f_01kf4eat87emk8zw7ztqbvn1zh,1000.0,1000.0,0.0,2428.55,5870.82,0.0,0.0,42-Day Post-Primary MCEA Report,07/11/2026,07/14/2026,2026-08-04
Colleen O'Neal,https://www.mainecampaignfinancedisclosure.com/public/filers/f_01kkvygx9gf1ta57q9yq2rxhqe,0.0,0.0,0.0,0.0,0.0,0.0,0.0,,,,2026-08-04
Jo-Jean Keller,https://www.mainecampaignfinancedisclosure.com/public/filers/f_01kh7kqdeser185x833nkteg5z,1316.0,1316.0,0.0,1421.44,29044.5,0.0,0.0,42-Day Post-Primary MCEA Report,07/20/2026,07/14/2026,2026-08-04
Jonathan Bush,https://www.mainecampaignfinancedisclosure.com/public/filers/f_01kd8w6ftve6dak61qaprd8ent,3217769.65,1460631.0,80638.65,3126482.91,10648.09,1676500.0,0.0,42-Day Post-Primary Report,07/21/2026,07/14/2026,2026-08-04
Jonathan Goble,https://www.mainecampaignfinancedisclosure.com/public/filers/f_01kreae3k7fcgv7vk2hs44ampw,0.0,0.0,0.0,0.0,0.0,0.0,0.0,42-Day Post-Primary Report,07/21/2026,07/14/2026,2026-08-04
Jonathan L. Kinney,https://www.mainecampaignfinancedisclosure.com/public/filers/f_01kf4eat87emk8zw808wzejhqt,5900.0,5900.0,0.0,883.08,5016.92,0.0,0.0,42-Day Post-Primary Report,07/21/2026,07/14/2026,2026-08-04
Jonathan Reed Fallon,https://www.mainecampaignfinancedisclosure.com/public/filers/f_01kd8w6ftweefsxt0c9098mrsm,3000.0,3000.0,0.0,12105.77,20020.92,0.0,0.0,42-Day Post-Primary MCEA Report,07/28/2026,07/14/2026,2026-08-04
Joschka Winterling,https://www.mainecampaignfinancedisclosure.com/public/filers/f_01kh51rj98e8rrxtx82jgfwax8,452.27,452.27,0.0,452.27,0.0,0.0,0.0,42-Day Post-Primary Report,07/21/2026,07/14/2026,2026-08-04
Joseph Almand,https://www.mainecampaignfinancedisclosure.com/public/filers/f_01khyfnrn2fambsbemkrmyra84,955.0,955.0,0.0,2245.5,12609.5,0.0,0.0,42-Day Post-Primary MCEA Report,07/21/2026,07/14/2026,2026-08-04
Joseph Campbell,https://www.mainecampaignfinancedisclosure.com/public/filers/f_01kh52tx5dfm78jf5m1az0wggp,1000.0,1000.0,0.0,2377.16,7569.67,0.0,0.0,42-Day Post-Primary MCEA Report,07/21/2026,07/14/2026,2026-08-04
Joseph Edward Martin,https://www.mainecampaignfinancedisclosure.com/public/filers/f_01kf4eat87emk8zw7zrcsdh9mh,7299.0,7299.0,0.0,0.0,7299.0,0.0,0.0,42-Day Post-Primary Report,07/21/2026,07/14/2026,2026-08-04
Joseph McLaughlin,https://www.mainecampaignfinancedisclosure.com/public/filers/f_01kjart9mffbwr2f7pn3twdfmp,1210.0,1210.0,0.0,30.0,1180.0,0.0,0.0,42-Day Post-Primary Report,07/21/2026,07/14/2026,2026-08-04
Joseph Paul Guerin,https://www.mainecampaignfinancedisclosure.com/public/filers/f_01kd8w6ftve6dak61qcer3bapq,6225.0,6225.0,0.0,6225.0,0.0,0.0,0.0,42-Day Post-Primary Report,07/15/2026,07/14/2026,2026-08-04
Joshua D. Gerritsen,https://www.mainecampaignfinancedisclosure.com/public/filers/f_01kd8w6ftweefsxt0c9925ndzz,1000.0,1000.0,0.0,3627.72,8924.83,0.0,0.0,42-Day Post-Primary MCEA Report,07/21/2026,07/14/2026,2026-08-04
Joshua Morris,https://www.mainecampaignfinancedisclosure.com/public/filers/f_01kd8w6ftve6dak61qarpcvj50,3089.39,3089.39,0.0,450.0,2639.39,0.0,0.0,42-Day Post-Primary Report,07/22/2026,07/14/2026,2026-08-04
Julia McCabe,https://www.mainecampaignfinancedisclosure.com/public/filers/f_01kh7nszb5ezqb46skqzqjm7fy,970.0,970.0,0.0,2000.51,6268.98,0.0,0.0,42-Day Post-Primary MCEA Report,07/20/2026,07/14/2026,2026-08-04
Julie Nicole Rakic,https://www.mainecampaignfinancedisclosure.com/public/filers/f_01kd8w6ftweefsxt0c9m6jvq3g,995.0,995.0,0.0,1717.0,34931.02,0.0,0.0,42-Day Post-Primary MCEA Report,07/21/2026,07/14/2026,2026-08-04
Justin Donnaruma,https://www.mainecampaignfinancedisclosure.com/public/filers/f_01ks8mcnxdezptht9n285ca44h,25150.0,150.0,0.0,25054.28,95.72,0.0,0.0,42-Day Post-Primary Report,07/14/2026,07/14/2026,2026-08-04
Justin Tahai,https://www.mainecampaignfinancedisclosure.com/public/filers/f_01kh526dz9ejb99kxe4rera9pg,0.0,0.0,0.0,0.0,0.0,0.0,0.0,,,,2026-08-04
Karen Gerrish,https://www.mainecampaignfinancedisclosure.com/public/filers/f_01kxnemsfrfq9tbeyfryd3nnah,0.0,0.0,0.0,0.0,0.0,0.0,0.0,,,,2026-08-04
Karen Montell,https://www.mainecampaignfinancedisclosure.com/public/filers/f_01kh7pcetre5crw1e4hexef17e,1000.0,1000.0,0.0,990.0,7300.0,0.0,0.0,42-Day Post-Primary MCEA Report,07/20/2026,07/14/2026,2026-08-04
Karin Orenstein,https://www.mainecampaignfinancedisclosure.com/public/filers/f_01kh52d1pje9sasn3zdh2k5k9z,1000.0,1000.0,0.0,999.88,2675.0,0.0,0.0,42-Day Post-Primary MCEA Report,07/21/2026,07/14/2026,2026-08-04
Katie Brydon,https://www.mainecampaignfinancedisclosure.com/public/filers/f_01khvrhqj1eccv4m244ck7617q,1000.0,1000.0,0.0,4325.0,0.0,0.0,0.0,42-Day Post-Primary MCEA Report,07/23/2026,07/14/2026,2026-08-04
Kati L. McCormick,https://www.mainecampaignfinancedisclosure.com/public/filers/f_01kf4eat85e79st2re6hma16hc,1490.0,1490.0,0.0,5243.55,25255.8,0.0,0.0,42-Day Post-Primary MCEA Report,07/21/2026,07/14/2026,2026-08-04
Katrina Couch Ray-Saulis,https://www.mainecampaignfinancedisclosure.com/public/filers/f_01kj8fb546fm4apty7788gbjqs,980.0,980.0,0.0,3465.62,7464.38,0.0,,42-Day Post-Primary MCEA Report,07/21/2026,07/14/2026,2026-08-04
Katrina J Smith,https://www.mainecampaignfinancedisclosure.com/public/filers/f_01kd8w6ftve6dak61q9s9hv47g,8733.43,8733.43,0.0,482.42,8251.01,0.0,0.0,42-Day Post-Primary Report,07/18/2026,07/14/2026,2026-08-04
Kayla Miller,https://www.mainecampaignfinancedisclosure.com/public/filers/f_01km0ymgd2ey6s6xabkr20822j,900.0,900.0,0.0,3106.87,7743.13,0.0,0.0,42-Day Post-Primary MCEA Report,07/17/2026,07/14/2026,2026-08-04
Keith Newman,https://www.mainecampaignfinancedisclosure.com/public/filers/f_01knhetv5hetgtknce4rt0pd97,250.0,250.0,0.0,0.0,250.0,0.0,0.0,42-Day Post-Primary Report,07/20/2026,07/14/2026,2026-08-04
Kelly Dearborn,https://www.mainecampaignfinancedisclosure.com/public/filers/f_01kj87wf1ze3rbf1825hh632rk,11200.0,11200.0,0.0,2024.0,9176.0,0.0,0.0,42-Day Post-Primary Report,07/20/2026,07/14/2026,2026-08-04
Kelly Maureen Noonan Murphy,https://www.mainecampaignfinancedisclosure.com/public/filers/f_01kf4eat87emk8zw8090c1chtn,0.0,0.0,0.0,0.0,0.0,0.0,0.0,42-Day Post-Primary Report,07/14/2026,07/14/2026,2026-08-04
Kenneth A. Capron,https://www.mainecampaignfinancedisclosure.com/public/filers/f_01k89h8gchec793758pheb4mhk,3316.87,3316.87,0.0,3316.87,0.0,0.0,0.0,11-Day Pre-Primary Report,05/05/2026,05/22/2026,2026-08-04
Kenneth Blow,https://www.mainecampaignfinancedisclosure.com/public/filers/f_01kjr2sc50faqs7p75db4pksfp,5000.0,5000.0,0.0,2790.92,2209.08,0.0,0.0,42-Day Post-Primary Report,07/21/2026,07/14/2026,2026-08-04
Kenneth Cianchette,https://www.mainecampaignfinancedisclosure.com/public/filers/f_01kh7qy310fp4tevqe1nefmhjt,40100.0,29100.0,0.0,18568.43,21531.57,11000.0,0.0,42-Day Post-Primary Report,07/28/2026,07/14/2026,2026-08-04
Kenneth Davis,https://www.mainecampaignfinancedisclosure.com/public/filers/f_01kf4eat87emk8zw7zx7f17bj4,3000.0,3000.0,0.0,16233.09,0.0,0.0,0.0,42-Day Post-Primary MCEA Report,07/13/2026,07/14/2026,2026-08-04
Kenneth Forrest Pinet,https://www.mainecampaignfinancedisclosure.com/public/filers/f_01k89h8gcjegf9qpwdk2hc0ghm,775.0,775.0,0.0,775.0,0.0,0.0,0.0,2026 January Semiannual Report,12/18/2025,,2026-08-04
Kenneth Wade Fredette,https://www.mainecampaignfinancedisclosure.com/public/filers/f_01kd8w6ftve6dak61qa4e9pmqh,2600.66,2600.0,0.0,1085.6,1515.06,0.0,0.0,42-Day Post-Primary Report,07/21/2026,07/14/2026,2026-08-04
Kerryl Lee Clement,https://www.mainecampaignfinancedisclosure.com/public/filers/f_01kf4eat87emk8zw7ztxa2qsgj,1000.0,1000.0,0.0,3323.8,18175.83,0.0,0.0,42-Day Post-Primary MCEA Report,07/21/2026,07/14/2026,2026-08-04
Kevin O'Connell,https://www.mainecampaignfinancedisclosure.com/public/filers/f_01kjsz03trfkqbtb08r512xc5r,0.0,0.0,0.0,0.0,0.0,0.0,0.0,,,,2026-08-04
Kiernan I. Majerus-Collins (Special),https://www.mainecampaignfinancedisclosure.com/public/filers/f_01kf4eat87emk8zw7ztfcjhs70,14800.0,500.0,300.0,14015.64,484.36,12000.0,0.0,2026 July Semiannual Report,07/16/2026,,2026-08-04
Kiernan Innes Majerus-Collins,https://www.mainecampaignfinancedisclosure.com/public/filers/f_01k89h8gcjegf9qpwdhfe0t2pt,56622.02,9622.02,0.0,56484.64,137.38,37000.0,0.0,42-Day Post-Primary Report,07/21/2026,07/14/2026,2026-08-04
Kilton McCarthy Webb,https://www.mainecampaignfinancedisclosure.com/public/filers/f_01kf4eat87emk8zw7zxm30va2j,1000.0,1000.0,0.0,1121.15,10433.5,0.0,0.0,42-Day Post-Primary MCEA Report,07/18/2026,07/14/2026,2026-08-04
Kimberly J. Pomerleau,https://www.mainecampaignfinancedisclosure.com/public/filers/f_01k89h8gcjegf9qpwdka2kqzvj,2680.0,2680.0,0.0,9303.43,22514.11,0.0,0.0,42-Day Post-Primary MCEA Report,07/21/2026,07/14/2026,2026-08-04
Kimberly M. Haggan,https://www.mainecampaignfinancedisclosure.com/public/filers/f_01kf4eat87emk8zw802wn940m2,1000.0,1000.0,0.0,1400.0,10200.0,0.0,0.0,42-Day Post-Primary MCEA Report,07/20/2026,07/14/2026,2026-08-04
Kirstan Watson,https://www.mainecampaignfinancedisclosure.com/public/filers/f_01kjj5qyg2fbysgzatktjdzzrz,1000.0,1000.0,0.0,1335.74,8609.41,0.0,0.0,42-Day Post-Primary MCEA Report,08/02/2026,07/14/2026,2026-08-04
Kristi Mathieson,https://www.mainecampaignfinancedisclosure.com/public/filers/f_01kh7nk4vkfw7rjt1kn8fa3bpb,0.0,0.0,0.0,0.0,8950.0,0.0,0.0,42-Day Post-Primary MCEA Report,07/20/2026,07/14/2026,2026-08-04
Kristine A. Poland,https://www.mainecampaignfinancedisclosure.com/public/filers/f_01kf4eat87emk8zw7zyac045ck,1000.0,1000.0,0.0,1190.65,20301.3,0.0,0.0,42-Day Post-Primary MCEA Report,07/20/2026,07/14/2026,2026-08-04
Kristin Tyra Davis,https://www.mainecampaignfinancedisclosure.com/public/filers/f_01kf4eat87emk8zw8018qdk700,1000.0,1000.0,0.0,2307.02,15892.98,0.0,0.0,42-Day Post-Primary MCEA Report,07/22/2026,07/14/2026,2026-08-04
Lance Harvell,https://www.mainecampaignfinancedisclosure.com/public/filers/f_01k89h8gcjegf9qpwdg7gtz5vz,0.0,0.0,0.0,0.0,0.0,0.0,0.0,,,,2026-08-04
Laura Supica,https://www.mainecampaignfinancedisclosure.com/public/filers/f_01kmrf17wsek9rtc2b6yz3pxwc,1299.03,1299.03,0.0,0.0,1299.03,0.0,0.0,42-Day Post-Primary Report,07/17/2026,07/14/2026,2026-08-04
Laurel Libby,https://www.mainecampaignfinancedisclosure.com/public/filers/f_01k89h8gcjegf9qpwdh7enr653,142847.25,142685.22,162.03,73172.67,69512.55,0.0,0.0,2026 July Semiannual Report,07/14/2026,,2026-08-04
Lauren Jones,https://www.mainecampaignfinancedisclosure.com/public/filers/f_01krc2bntyfhcr74j27t38mamh,0.0,0.0,0.0,0.0,0.0,0.0,0.0,42-Day Post-Primary Report,07/21/2026,07/14/2026,2026-08-04
Lauren Marie Grenier,https://www.mainecampaignfinancedisclosure.com/public/filers/f_01kf4eat87emk8zw80697f9je0,0.0,0.0,0.0,0.0,0.0,0.0,0.0,,,,2026-08-04
Laurie Osher,https://www.mainecampaignfinancedisclosure.com/public/filers/f_01kh7m1wzbfgsvdw68a98sd02h,1000.0,1000.0,0.0,1773.31,6526.69,0.0,0.0,42-Day Post-Primary MCEA Report,07/21/2026,07/14/2026,2026-08-04
"Lawrence E. Bessey, Jr.",https://www.mainecampaignfinancedisclosure.com/public/filers/f_01kf4eat87emk8zw7zxx9kwyxt,0.0,0.0,0.0,0.0,0.0,0.0,0.0,,,,2026-08-04
Lawrence McWilliams,https://www.mainecampaignfinancedisclosure.com/public/filers/f_01kt784484e2yr55hr9rws907k,0.0,0.0,0.0,0.0,0.0,0.0,0.0,42-Day Post-Primary Report,07/21/2026,07/14/2026,2026-08-04
Leo Christopher Kenney,https://www.mainecampaignfinancedisclosure.com/public/filers/f_01kd8w6ftweefsxt0caevpcc5g,2980.0,2980.0,0.0,8436.09,50180.18,0.0,0.0,42-Day Post-Primary MCEA Report,07/20/2026,07/14/2026,2026-08-04
Lisa Kalp,https://www.mainecampaignfinancedisclosure.com/public/filers/f_01km0ngp4tfg09bt31pa7ectrs,20.18,20.18,0.0,0.0,20.18,0.0,0.0,42-Day Post-Primary Report,07/17/2026,07/14/2026,2026-08-04
Lisa Nelthropp,https://www.mainecampaignfinancedisclosure.com/public/filers/f_01kjr28q1kfbbv2eyr33jz1nns,0.0,0.0,0.0,0.0,0.0,0.0,0.0,,,,2026-08-04
Lisa Pratt,https://www.mainecampaignfinancedisclosure.com/public/filers/f_01km3p5h7xfsgt6n1gn650cspf,947.02,947.0,0.0,3756.99,514.89,0.0,0.0,42-Day Post-Primary MCEA Report,07/28/2026,07/14/2026,2026-08-04
Lori Kenneson,https://www.mainecampaignfinancedisclosure.com/public/filers/f_01ky0d06saeyevqdn47948hjvy,0.0,0.0,0.0,0.0,0.0,0.0,0.0,,,,2026-08-04
Louis Samuel Pfeifle,https://www.mainecampaignfinancedisclosure.com/public/filers/f_01kf4eat87emk8zw7zw65qdny7,1000.0,900.0,100.0,1514.28,9979.0,0.0,0.0,42-Day Post-Primary MCEA Report,07/28/2026,07/14/2026,2026-08-04
Lucy Perkins,https://www.mainecampaignfinancedisclosure.com/public/filers/f_01kw9mfgvyevb8f4gmt6wa5cqq,0.0,0.0,0.0,0.0,0.0,0.0,0.0,,,,2026-08-04
Luke Dylan Jensen,https://www.mainecampaignfinancedisclosure.com/public/filers/f_01km65r08ae83tjkrbf4dkrev9,1000.0,1000.0,0.0,1000.0,7300.0,0.0,0.0,42-Day Post-Primary MCEA Report,07/20/2026,07/14/2026,2026-08-04
Lynn Copeland,https://www.mainecampaignfinancedisclosure.com/public/filers/f_01kh7mfdvyf58sxne2fwfn4wa2,977.51,977.51,0.0,1008.0,7269.51,0.0,0.0,42-Day Post-Primary MCEA Report,07/15/2026,07/14/2026,2026-08-04
Madison Cook,https://www.mainecampaignfinancedisclosure.com/public/filers/f_01kf4eat87emk8zw803xgpvaxq,1000.0,1000.0,0.0,4107.36,17392.13,0.0,0.0,42-Day Post-Primary MCEA Report,07/29/2026,07/14/2026,2026-08-04
Mallory Aaren Cook,https://www.mainecampaignfinancedisclosure.com/public/filers/f_01kd8w6ftweefsxt0ca3d1pazm,1000.0,1000.0,0.0,3150.25,10099.69,0.0,0.0,42-Day Post-Primary MCEA Report,07/21/2026,07/14/2026,2026-08-04
Mana Hared Abdi,https://www.mainecampaignfinancedisclosure.com/public/filers/f_01kf4eat87emk8zw8081x2yahg,3000.99,3000.99,0.0,14888.66,0.99,0.0,0.0,42-Day Post-Primary MCEA Report,08/04/2026,07/14/2026,2026-08-04
Marc Anthony Boisse,https://www.mainecampaignfinancedisclosure.com/public/filers/f_01k89h8gchec793758p8szjznm,7084.73,4867.72,0.0,5187.33,1897.4,2217.0,0.0,42-Day Post-Primary Report,08/03/2026,07/14/2026,2026-08-04
Marc  Edwards,https://www.mainecampaignfinancedisclosure.com/public/filers/f_01kkyffse0e8fvh0j2vb3ctmmf,1480.0,1480.0,0.0,105.5,1374.5,0.0,0.0,42-Day Post-Primary Report,07/22/2026,07/14/2026,2026-08-04
"Marc G. Malon, II",https://www.mainecampaignfinancedisclosure.com/public/filers/f_01k89h8gcjegf9qpwdhgb4hbsj,11166.16,11141.16,25.0,2351.16,8790.0,0.0,0.0,42-Day Post-Primary Report,07/21/2026,07/14/2026,2026-08-04
Marc Lessard,https://www.mainecampaignfinancedisclosure.com/public/filers/f_01kxdy7w39f6tb6zr045yyn9m1,0.0,0.0,0.0,0.0,0.0,0.0,0.0,42-Day Post-Primary Report,07/20/2026,07/14/2026,2026-08-04
Marcus Mrowka,https://www.mainecampaignfinancedisclosure.com/public/filers/f_01kf4eat87emk8zw7ztkd1wtbg,970.0,970.0,0.0,4186.52,0.0,0.0,0.0,42-Day Post-Primary MCEA Report,07/27/2026,07/14/2026,2026-08-04
Margaret Wheeler,https://www.mainecampaignfinancedisclosure.com/public/filers/f_01knhfre61fmxsj9wdkys623sb,0.0,0.0,0.0,0.0,0.0,0.0,0.0,,,,2026-08-04
Maria Michela Aguilo,https://www.mainecampaignfinancedisclosure.com/public/filers/f_01k89h8gchec793758nk1zc7n6,0.0,0.0,0.0,0.0,0.0,0.0,0.0,,,,2026-08-04
Marissa Tasker,https://www.mainecampaignfinancedisclosure.com/public/filers/f_01kyq9y3yxf24v3h9y977yerc8,0.0,0.0,0.0,0.0,0.0,0.0,0.0,,,,2026-08-04
Mark C. Cooper,https://www.mainecampaignfinancedisclosure.com/public/filers/f_01kd8w6ftve6dak61q8vxx3aea,690.0,690.0,0.0,926.0,7064.0,0.0,0.0,42-Day Post-Primary MCEA Report,07/21/2026,07/14/2026,2026-08-04
Mark Frederick Zimmer,https://www.mainecampaignfinancedisclosure.com/public/filers/f_01kd8w6ftweefsxt0c9w80ws99,920.0,920.0,0.0,3053.76,18366.24,0.0,0.0,42-Day Post-Primary MCEA Report,07/21/2026,07/14/2026,2026-08-04
Mark M Babin,https://www.mainecampaignfinancedisclosure.com/public/filers/f_01kd8w6ftve6dak61qbc3xg3rr,0.0,0.0,0.0,0.0,0.0,0.0,0.0,,,,2026-08-04
Mark Vigliotta,https://www.mainecampaignfinancedisclosure.com/public/filers/f_01kh7q8034emg9fjvk15q82v6n,2795.0,2795.0,0.0,6973.47,31595.69,0.0,1000.0,42-Day Post-Primary MCEA Report,07/21/2026,07/14/2026,2026-08-04
Mark Walker,https://www.mainecampaignfinancedisclosure.com/public/filers/f_01kp8tc3b9e5nt1hy5wke20q0c,1000.0,1000.0,0.0,998.41,8950.0,0.0,0.0,42-Day Post-Primary MCEA Report,07/21/2026,07/14/2026,2026-08-04
Marshall Archer,https://www.mainecampaignfinancedisclosure.com/public/filers/f_01kf4eat87emk8zw800c5ew0rb,5411.24,5411.24,0.0,3344.4,2066.84,0.0,0.0,42-Day Post-Primary Report,07/21/2026,07/14/2026,2026-08-04
Marygrace Cimino,https://www.mainecampaignfinancedisclosure.com/public/filers/f_01kjzt5ea1ezwbdz37q1xy9g2t,2254.58,2254.58,0.0,434.65,1819.93,0.0,0.0,42-Day Post-Primary Report,07/20/2026,07/14/2026,2026-08-04
Mary Shannon Lindstrom,https://www.mainecampaignfinancedisclosure.com/public/filers/f_01khvnk58we98swfgc2j11awmw,1000.0,1000.0,0.0,2946.08,5352.21,0.0,0.0,42-Day Post-Primary MCEA Report,07/24/2026,07/14/2026,2026-08-04
Mathew David McIntyre,https://www.mainecampaignfinancedisclosure.com/public/filers/f_01kd8w6ftve6dak61qbnkd1hb6,3000.0,3000.0,0.0,2997.8,2.2,0.0,0.0,42-Day Post-Primary Report,06/30/2026,07/14/2026,2026-08-04
Matthea Elisabeth Larsen Daughtry,https://www.mainecampaignfinancedisclosure.com/public/filers/f_01kd8w6ftve6dak61qcqxfx67y,2723.1,2723.1,0.0,912.9,1810.2,0.0,0.0,42-Day Post-Primary Report,07/21/2026,07/14/2026,2026-08-04
Matthew A. Harrington,https://www.mainecampaignfinancedisclosure.com/public/filers/f_01kf4eat87emk8zw805y20tryt,22430.52,21995.28,435.24,1218.6,20776.68,0.0,0.0,42-Day Post-Primary Report,07/20/2026,07/14/2026,2026-08-04
Matthew Channing Townsend,https://www.mainecampaignfinancedisclosure.com/public/filers/f_01kd8w6ftve6dak61q91h3rsxa,1000.08,1000.0,0.0,1303.18,6996.9,0.0,0.0,42-Day Post-Primary MCEA Report,07/21/2026,07/14/2026,2026-08-04
Matthew D. Beck,https://www.mainecampaignfinancedisclosure.com/public/filers/f_01kf4eat87emk8zw805vf10pr2,3868.42,3868.42,0.0,832.57,3035.85,0.0,0.0,42-Day Post-Primary Report,07/17/2026,07/14/2026,2026-08-04
Matthew Kershaw,https://www.mainecampaignfinancedisclosure.com/public/filers/f_01kn4qhkcfejvscbvc5ecegev8,1718.82,1718.82,0.0,1718.81,0.01,0.0,0.0,42-Day Post-Primary Report,07/21/2026,07/14/2026,2026-08-04
Matthew Moonen,https://www.mainecampaignfinancedisclosure.com/public/filers/f_01kf4eat87emk8zw808fjwwyvg,2895.0,2895.0,0.0,30.0,2865.0,0.0,0.0,42-Day Post-Primary Report,07/21/2026,07/14/2026,2026-08-04
Matthew Rush,https://www.mainecampaignfinancedisclosure.com/public/filers/f_01kjtv7x8tfhr9nytnwdmk0r8t,1000.0,1000.0,0.0,1738.33,19761.67,0.0,0.0,42-Day Post-Primary MCEA Report,08/04/2026,07/14/2026,2026-08-04
Maura H Pillsbury,https://www.mainecampaignfinancedisclosure.com/public/filers/f_01kf4eat87emk8zw8058t8vv2j,1000.0,1000.0,0.0,1422.32,6875.12,0.0,0.0,42-Day Post-Primary MCEA Report,07/20/2026,07/14/2026,2026-08-04
Maureen AuCoin,https://www.mainecampaignfinancedisclosure.com/public/filers/f_01khvfbpdmfhkrtc2cnbvvhh7f,1000.0,1000.0,0.0,4481.58,6464.82,0.0,0.0,42-Day Post-Primary MCEA Report,07/21/2026,07/14/2026,2026-08-04
Meagan Smith,https://www.mainecampaignfinancedisclosure.com/public/filers/f_01km3s9e27fjpram52qveyqvkg,0.0,0.0,0.0,0.0,0.0,0.0,0.0,42-Day Post-Primary Report,07/06/2026,07/14/2026,2026-08-04
Melanie Tompkins,https://www.mainecampaignfinancedisclosure.com/public/filers/f_01kmg37dfgfaet6redc3mab962,0.0,0.0,0.0,0.0,0.0,0.0,0.0,42-Day Post-Primary Report,07/16/2026,07/14/2026,2026-08-04
Melissa Byer,https://www.mainecampaignfinancedisclosure.com/public/filers/f_01kkm9d1tweesv5ym73va5cmta,1673.46,1240.4,433.06,326.26,914.14,0.0,0.0,42-Day Post-Primary Report,07/21/2026,07/14/2026,2026-08-04
Melissa Simpson,https://www.mainecampaignfinancedisclosure.com/public/filers/f_01kyqm50hnfep8p0hvdx0nfr8j,0.0,0.0,0.0,0.0,0.0,0.0,0.0,,,,2026-08-04
Michael Brayson,https://www.mainecampaignfinancedisclosure.com/public/filers/f_01kkhznfm2f7db6fcen2k3c0ak,168.54,68.54,0.0,41.74,126.8,100.0,0.0,42-Day Post-Primary Report,07/19/2026,07/14/2026,2026-08-04
Michael Dixon,https://www.mainecampaignfinancedisclosure.com/public/filers/f_01kh54b61tevxsk81mxvn7kn5r,1000.0,1000.0,0.0,1910.82,11339.18,0.0,0.0,42-Day Post-Primary MCEA Report,07/21/2026,07/14/2026,2026-08-04
Michael Dougherty,https://www.mainecampaignfinancedisclosure.com/public/filers/f_01kmnqyzc4ebras5yrcehxzh9f,0.0,0.0,0.0,0.0,0.0,0.0,0.0,,,,2026-08-04
Michael D. Perkins,https://www.mainecampaignfinancedisclosure.com/public/filers/f_01kf4eat87emk8zw807cwn1fsq,0.0,0.0,0.0,600.0,2075.0,0.0,0.0,42-Day Post-Primary MCEA Report,07/20/2026,07/14/2026,2026-08-04
Michael Hobart Cunningham II,https://www.mainecampaignfinancedisclosure.com/public/filers/f_01kk9gv56zfmtbj2fycfrhe94f,650.0,650.0,0.0,650.0,8950.0,0.0,0.0,42-Day Post-Primary MCEA Report,07/21/2026,07/14/2026,2026-08-04
Michael J. Lance,https://www.mainecampaignfinancedisclosure.com/public/filers/f_01kd8w6ftve6dak61qd29nz0j1,1250.0,1250.0,0.0,10.0,1240.0,0.0,0.0,42-Day Post-Primary Report,07/11/2026,07/14/2026,2026-08-04
Michael J. Nicholson,https://www.mainecampaignfinancedisclosure.com/public/filers/f_01kd8w6ftweefsxt0c9gjms69h,3850.0,3850.0,0.0,3545.48,304.52,0.0,0.0,42-Day Post-Primary Report,07/21/2026,07/14/2026,2026-08-04
Michael Lemelin,https://www.mainecampaignfinancedisclosure.com/public/filers/f_01kf4eat87emk8zw7zv2tp5t6f,3228.75,3228.75,0.0,635.0,2593.75,0.0,0.0,42-Day Post-Primary Report,07/21/2026,07/14/2026,2026-08-04
Michael R. Scott,https://www.mainecampaignfinancedisclosure.com/public/filers/f_01kf4eat87emk8zw80106sfc9v,3000.0,3000.0,0.0,4880.03,60394.97,0.0,1000.0,42-Day Post-Primary Report,08/03/2026,07/14/2026,2026-08-04
Michael Sweeny Flanagan,https://www.mainecampaignfinancedisclosure.com/public/filers/f_01kd8w6ftweefsxt0ca582k5bm,1000.0,1000.0,0.0,3298.39,,0.0,0.0,42-Day Post-Primary MCEA Report,07/21/2026,07/14/2026,2026-08-04
Michael Tipping,https://www.mainecampaignfinancedisclosure.com/public/filers/f_01kd8w6ftve6dak61qc990a1zp,3000.0,3000.0,0.0,4700.27,27449.73,0.0,0.0,42-Day Post-Primary MCEA Report,07/20/2026,07/14/2026,2026-08-04
Michele Meyer,https://www.mainecampaignfinancedisclosure.com/public/filers/f_01k89h8gcjegf9qpwdhzv5nqe1,3000.0,3000.0,0.0,16774.37,72346.26,0.0,0.0,42-Day Post-Primary MCEA Report,07/21/2026,07/14/2026,2026-08-04
Michelle Conners,https://www.mainecampaignfinancedisclosure.com/public/filers/f_01kkfgm7m1e89bcny8jm7afmr8,0.0,0.0,0.0,0.0,0.0,0.0,0.0,42-Day Post-Primary Report,07/16/2026,07/14/2026,2026-08-04
Michelle N Boyer,https://www.mainecampaignfinancedisclosure.com/public/filers/f_01kf4eat87emk8zw808axh1r8x,0.0,0.0,0.0,0.0,7300.0,0.0,0.0,42-Day Post-Primary MCEA Report,07/10/2026,07/14/2026,2026-08-04
Michelle Tucker,https://www.mainecampaignfinancedisclosure.com/public/filers/f_01kjb5shgnfnvb532es240zj7j,4805.0,4805.0,0.0,2176.95,2628.05,0.0,0.0,42-Day Post-Primary Report,07/22/2026,07/14/2026,2026-08-04
Mike Soboleski,https://www.mainecampaignfinancedisclosure.com/public/filers/f_01kkvep3cxfs3b3k1ksrrxeemq,4975.0,4475.0,0.0,899.35,4075.65,500.0,0.0,42-Day Post-Primary Report,07/17/2026,07/14/2026,2026-08-04
Morgan Rielly,https://www.mainecampaignfinancedisclosure.com/public/filers/f_01kh7sxtt7fw0tvt9328wemsy2,0.0,0.0,0.0,0.0,0.0,0.0,0.0,42-Day Post-Primary Report,07/06/2026,07/14/2026,2026-08-04
M. Todd Chretien,https://www.mainecampaignfinancedisclosure.com/public/filers/f_01kf4eat87emk8zw7zvf5ykhnx,0.0,0.0,0.0,0.0,0.0,0.0,0.0,2026 January Semiannual Report,01/14/2026,,2026-08-04
Nancy Jean Theriault,https://www.mainecampaignfinancedisclosure.com/public/filers/f_01kd8w6ftweefsxt0ca9m9pbxn,1000.0,1000.0,0.0,4883.99,7689.26,0.0,0.0,42-Day Post-Primary MCEA Report,08/04/2026,07/14/2026,2026-08-04
Nancy McDowell,https://www.mainecampaignfinancedisclosure.com/public/filers/f_01km8ceamnfw98fetr24zx18f2,975.0,975.0,0.0,3372.05,6549.78,0.0,0.0,42-Day Post-Primary MCEA Report,07/21/2026,07/14/2026,2026-08-04
Nancy McDowell-Special,https://www.mainecampaignfinancedisclosure.com/public/filers/f_01kmga8ym1fsnbevc5crxez0ks,1000.0,1000.0,0.0,9263.75,0.0,0.0,0.0,42-Day Post Election MCEA Report (2026 HD 29 Special Election),07/23/2026,,2026-08-04
Nancy Theriault - Special,https://www.mainecampaignfinancedisclosure.com/public/filers/f_01kmg9gszqekhv6w7gbcf3vr88,0.0,0.0,0.0,0.0,0.0,0.0,0.0,42-Day Post Election Report (2026 HD 29 Special Election),07/21/2026,,2026-08-04
Nathan Burnett,https://www.mainecampaignfinancedisclosure.com/public/filers/f_01kd8w6ftve6dak61qa3mq63v9,3000.0,3000.0,0.0,4952.42,47072.45,0.0,0.0,42-Day Post-Primary MCEA Report,08/02/2026,07/14/2026,2026-08-04
Nathan M. Carlow,https://www.mainecampaignfinancedisclosure.com/public/filers/f_01kkc6wegzea4vqcpmfpg0bw0q,11258.71,11258.71,0.0,600.15,10658.56,0.0,0.0,42-Day Post-Primary Report,07/21/2026,07/14/2026,2026-08-04
Nicholas Alexander,https://www.mainecampaignfinancedisclosure.com/public/filers/f_01k89h8gchec793758nn4zq941,147.7,147.7,0.0,147.71,,0.0,0.0,2026 January Semiannual Report,07/22/2025,,2026-08-04
Nicolas John Hamlin,https://www.mainecampaignfinancedisclosure.com/public/filers/f_01kf4eat87emk8zw7zr42jeg96,1000.0,1000.0,0.0,4292.79,5.0,0.0,0.0,42-Day Post-Primary MCEA Report,07/28/2026,07/14/2026,2026-08-04
Nicole Bambrick,https://www.mainecampaignfinancedisclosure.com/public/filers/f_01khc93ecze09s9ats4hwqnnnc,0.0,0.0,0.0,0.0,0.0,0.0,0.0,,,,2026-08-04
Nicole C Grohoski,https://www.mainecampaignfinancedisclosure.com/public/filers/f_01kf4eat87emk8zw7zqfqnn445,1825.0,1825.0,0.0,2913.22,54560.22,0.0,0.0,42-Day Post-Primary MCEA Report,07/21/2026,07/14/2026,2026-08-04
Nicole Lynn Kalloch,https://www.mainecampaignfinancedisclosure.com/public/filers/f_01kd8w6ftve6dak61qac013eqh,4500.0,4500.0,0.0,0.0,4500.0,0.0,0.0,42-Day Post-Primary Report,07/22/2026,07/14/2026,2026-08-04
Nicole Richards,https://www.mainecampaignfinancedisclosure.com/public/filers/f_01kn22cp3te7ytcgn4z598z4zy,0.0,0.0,0.0,0.0,0.0,0.0,0.0,42-Day Post-Primary Report,07/23/2026,07/14/2026,2026-08-04
Nina A Milliken,https://www.mainecampaignfinancedisclosure.com/public/filers/f_01kf4eat87emk8zw7zqz59g6j8,1000.0,1000.0,0.0,963.8,7300.61,0.0,0.0,42-Day Post-Primary MCEA Report,07/21/2026,07/14/2026,2026-08-04
Nirav Shah,https://www.mainecampaignfinancedisclosure.com/public/filers/f_01kd8w6ftve6dak61qb6h6va1w,1476415.96,1308519.01,69556.95,1438247.83,,98340.0,6747.0,42-Day Post-Primary Report,07/21/2026,07/14/2026,2026-08-04
Noah Cobb,https://www.mainecampaignfinancedisclosure.com/public/filers/f_01kt1x8q6vfk69266rgkk282a2,0.0,0.0,0.0,0.0,0.0,0.0,0.0,42-Day Post-Primary Report,07/15/2026,07/14/2026,2026-08-04
Oliver McAvoy,https://www.mainecampaignfinancedisclosure.com/public/filers/f_01kjfrekfsfzkvqvt22bfas31z,1000.0,1000.0,0.0,955.48,7300.0,0.0,0.0,42-Day Post-Primary MCEA Report,07/21/2026,07/14/2026,2026-08-04
OWEN MCCARTHY,https://www.mainecampaignfinancedisclosure.com/public/filers/f_01k89h8gcjegf9qpwdhqxyxxe2,539837.01,389229.0,10308.01,478447.36,51081.64,140300.0,0.0,42-Day Post-Primary Report,07/21/2026,07/14/2026,2026-08-04
Pamela Hart,https://www.mainecampaignfinancedisclosure.com/public/filers/f_01kh9djw5feztamnr27bf24vqe,1000.0,1000.0,0.0,1000.0,20500.0,0.0,820.35,42-Day Post-Primary MCEA Report,07/21/2026,07/14/2026,2026-08-04
Pamela Jo Swift,https://www.mainecampaignfinancedisclosure.com/public/filers/f_01kf4eat87emk8zw807sffsaz7,819.0,819.0,0.0,7341.75,777.25,0.0,0.0,42-Day Post-Primary MCEA Report,07/23/2026,07/14/2026,2026-08-04
Parnell Terry,https://www.mainecampaignfinancedisclosure.com/public/filers/f_01kf4eat87emk8zw806fxq18bw,961.0,961.0,0.0,961.0,7300.0,0.0,0.0,42-Day Post-Primary MCEA Report,07/22/2026,07/14/2026,2026-08-04
PATRICK JUDE,https://www.mainecampaignfinancedisclosure.com/public/filers/f_01kf4eat87emk8zw7zscfjaahz,1000.0,1000.0,0.0,1242.18,6982.82,0.0,0.0,42-Day Post-Primary MCEA Report,07/20/2026,07/14/2026,2026-08-04
Patric Moore,https://www.mainecampaignfinancedisclosure.com/public/filers/f_01kh539s4bfme84ypgj6b8a2e4,2736.0,2736.0,0.0,4235.78,27650.0,0.0,1000.0,42-Day Post-Primary MCEA Report,07/21/2026,07/14/2026,2026-08-04
Paul Edward Bennett,https://www.mainecampaignfinancedisclosure.com/public/filers/f_01kf4eat87emk8zw7zrrrhrcsf,0.0,0.0,0.0,0.0,0.0,0.0,0.0,,,,2026-08-04
Paul R Flynn,https://www.mainecampaignfinancedisclosure.com/public/filers/f_01k89h8gchec793758r62davwz,12967.43,12617.43,350.0,2876.24,9741.19,0.0,0.0,11-Day Pre-Primary Report,07/21/2026,05/22/2026,2026-08-04
"Paul Titcomb Davis, Sr.",https://www.mainecampaignfinancedisclosure.com/public/filers/f_01k89h8gchec793758qkmexa7h,5100.0,5100.0,0.0,5100.0,0.0,0.0,0.0,2026 January Semiannual Report,07/29/2025,,2026-08-04
Paul Welch,https://www.mainecampaignfinancedisclosure.com/public/filers/f_01khv2qkd5f7dtabfc81a4b496,860.0,860.0,0.0,3512.49,4646.51,0.0,100.0,42-Day Post-Primary MCEA Report,07/19/2026,07/14/2026,2026-08-04
Peter G. Violette,https://www.mainecampaignfinancedisclosure.com/public/filers/f_01kf4eat87emk8zw7zrnznr7nt,3000.0,3000.0,0.0,16257.72,,0.0,0.0,42-Day Post-Primary MCEA Report,07/14/2026,07/14/2026,2026-08-04
Peter Ignatius Doyle,https://www.mainecampaignfinancedisclosure.com/public/filers/f_01kj8p1t4cf01rrme7ppg7kw4h,0.0,0.0,0.0,0.0,0.0,0.0,0.0,,,,2026-08-04
Peter J. Southam,https://www.mainecampaignfinancedisclosure.com/public/filers/f_01kf4eat87emk8zw806q8cn0vd,2835.0,2835.0,0.0,4837.9,53647.1,0.0,1752.87,42-Day Post-Primary Report,07/30/2026,07/14/2026,2026-08-04
Peter Q. Jenks,https://www.mainecampaignfinancedisclosure.com/public/filers/f_01kf4eat87emk8zw7zsnpxaas7,1000.0,1000.0,0.0,1931.94,0.0,0.0,0.0,42-Day Post-Primary MCEA Report,07/21/2026,07/14/2026,2026-08-04
Peter Wood,https://www.mainecampaignfinancedisclosure.com/public/filers/f_01kkhg12r1ecv8813bb40k140m,4551.57,4551.57,0.0,0.0,4551.57,0.0,0.0,42-Day Post-Primary Report,07/20/2026,07/14/2026,2026-08-04
Poppy T. Arford,https://www.mainecampaignfinancedisclosure.com/public/filers/f_01kf4eat87emk8zw800mmx66a2,0.0,0.0,0.0,0.0,7300.0,0.0,0.0,42-Day Post-Primary MCEA Report,07/17/2026,07/14/2026,2026-08-04
Quentin Chapman,https://www.mainecampaignfinancedisclosure.com/public/filers/f_01k89h8gchec793758pqbwk2aj,6155.59,6155.59,0.0,1056.99,5098.6,0.0,0.0,42-Day Post-Primary Report,07/21/2026,07/14/2026,2026-08-04
Rachel A. Henderson,https://www.mainecampaignfinancedisclosure.com/public/filers/f_01kf4eat87emk8zw803hhs02x0,3574.58,3370.0,0.0,50.0,3524.58,204.58,0.0,42-Day Post-Primary Report,07/21/2026,07/14/2026,2026-08-04
Rachel Mary Phipps,https://www.mainecampaignfinancedisclosure.com/public/filers/f_01kf4eat87emk8zw7zs0v5bh6g,1000.0,1000.0,0.0,4261.0,0.0,0.0,0.0,42-Day Post-Primary MCEA Report,07/28/2026,07/14/2026,2026-08-04
Rachel Talbot Ross,https://www.mainecampaignfinancedisclosure.com/public/filers/f_01kh55v1jrfk5b59sqwet4m1bd,1618.9,1618.9,0.0,0.0,1618.9,0.0,0.0,42-Day Post-Primary Report,07/20/2026,07/14/2026,2026-08-04
Rafael Macias,https://www.mainecampaignfinancedisclosure.com/public/filers/f_01kh7nbr72f0790xqcqd0hbbb3,700.0,700.0,0.0,754.17,7242.08,0.0,0.0,42-Day Post-Primary MCEA Report,07/22/2026,07/14/2026,2026-08-04
Randall Adam Greenwood,https://www.mainecampaignfinancedisclosure.com/public/filers/f_01kf4eat87emk8zw7zvbb3aaqe,0.0,0.0,0.0,318.11,10281.89,0.0,0.0,42-Day Post-Primary MCEA Report,07/21/2026,07/14/2026,2026-08-04
Randall Douglas Gauvin,https://www.mainecampaignfinancedisclosure.com/public/filers/f_01k89h8gchec793758rfsefsdf,26355.95,26101.36,253.76,3312.33,22789.86,0.0,0.0,42-Day Post-Primary Report,07/29/2026,07/14/2026,2026-08-04
Randy Wilcox,https://www.mainecampaignfinancedisclosure.com/public/filers/f_01kh50a3fhezet4hhb4g11eyds,0.0,0.0,0.0,0.0,0.0,0.0,0.0,,,,2026-08-04
Ravi Jackson,https://www.mainecampaignfinancedisclosure.com/public/filers/f_01kmg4dd2me35ajabmhgc1295d,80.0,80.0,0.0,0.0,80.0,0.0,0.0,42-Day Post-Primary Report,07/29/2026,07/14/2026,2026-08-04
Ray Thombs,https://www.mainecampaignfinancedisclosure.com/public/filers/f_01kk538am2f258a7mycmg5fcqr,8369.8,8369.8,0.0,3702.59,4667.21,0.0,0.0,42-Day Post-Primary Report,07/13/2026,07/14/2026,2026-08-04
Reagan Paul,https://www.mainecampaignfinancedisclosure.com/public/filers/f_01km0m8zjeecft3fxvsen4efr3,33840.49,33840.49,0.0,1098.69,32741.8,0.0,0.0,42-Day Post-Primary Report,07/18/2026,07/14/2026,2026-08-04
Rebecca Lynn Flood Andrews,https://www.mainecampaignfinancedisclosure.com/public/filers/f_01km30qdyyf4sbpf6bm5qzzrn4,1000.0,1000.0,0.0,1830.69,6468.45,0.0,0.0,42-Day Post-Primary MCEA Report,07/16/2026,07/14/2026,2026-08-04
Rebecca Stephens,https://www.mainecampaignfinancedisclosure.com/public/filers/f_01khrpd8vxfecsb4csc0s0w8wq,24487.0,24487.0,0.0,10068.95,14418.05,0.0,0.0,42-Day Post-Primary Report,07/21/2026,07/14/2026,2026-08-04
Rhiannon Hampson,https://www.mainecampaignfinancedisclosure.com/public/filers/f_01kjgbhk3sf908mp7dyg8h2sx6,9334.47,8270.0,1064.47,797.77,7472.23,0.0,2027.0,42-Day Post-Primary Report,07/22/2026,07/14/2026,2026-08-04
Richard G. Mason,https://www.mainecampaignfinancedisclosure.com/public/filers/f_01kd8w6ftve6dak61qchy4tn7j,3858.5,3858.3,0.0,2761.32,1097.18,0.0,0.0,42-Day Post-Primary Report,07/21/2026,07/14/2026,2026-08-04
Richard H. Campbell,https://www.mainecampaignfinancedisclosure.com/public/filers/f_01kf4eat87emk8zw7zv7gqc8k5,8232.71,8232.71,0.0,209.28,8023.43,0.0,0.0,42-Day Post-Primary Report,07/21/2026,07/14/2026,2026-08-04
Richard Marc Goldman,https://www.mainecampaignfinancedisclosure.com/public/filers/f_01kk9gjar3f9rbxk989t0wgxzh,1000.0,1000.0,0.0,3472.39,8127.61,0.0,0.0,42-Day Post-Primary MCEA Report,07/27/2026,07/14/2026,2026-08-04
R. Melissa Winslow,https://www.mainecampaignfinancedisclosure.com/public/filers/f_01kf4eat87emk8zw7zsjnkcw7h,12731.79,12731.76,0.0,3106.81,9624.98,0.0,0.0,42-Day Post-Primary Report,07/21/2026,07/14/2026,2026-08-04
Robert Cameron,https://www.mainecampaignfinancedisclosure.com/public/filers/f_01kk206f0je8kv8sm004v80mky,0.0,0.0,0.0,0.0,0.0,0.0,0.0,,,,2026-08-04
Robert Finch Sullebarger,https://www.mainecampaignfinancedisclosure.com/public/filers/f_01kf4eat87emk8zw805qawxr9m,2898.99,2898.99,0.0,6777.37,25271.6,0.0,0.0,42-Day Post-Primary MCEA Report,08/03/2026,07/14/2026,2026-08-04
Robert J. Wessels,https://www.mainecampaignfinancedisclosure.com/public/filers/f_01k89h8gcjegf9qpwdm66hzngj,63962.58,63197.1,765.48,63188.44,8.66,0.0,0.0,42-Day Post-Primary Report,07/18/2026,07/14/2026,2026-08-04
Robert Kelly,https://www.mainecampaignfinancedisclosure.com/public/filers/f_01kh53mqm7f5rv5eyxxqv33444,1000.0,1000.0,0.0,2323.52,7626.08,0.0,0.0,42-Day Post-Primary MCEA Report,07/22/2026,07/14/2026,2026-08-04
Robin Crawley,https://www.mainecampaignfinancedisclosure.com/public/filers/f_01kmrgg4nsep4bcne7st38918q,0.0,0.0,0.0,0.0,0.0,0.0,0.0,42-Day Post-Primary Report,07/20/2026,07/14/2026,2026-08-04
Robin Upton-Sukeforth,https://www.mainecampaignfinancedisclosure.com/public/filers/f_01kkkw7rqmf4xa536cep5rq04q,1000.0,1000.0,0.0,2400.95,9199.05,0.0,0.0,42-Day Post-Primary MCEA Report,07/21/2026,07/14/2026,2026-08-04
Roger Albert,https://www.mainecampaignfinancedisclosure.com/public/filers/f_01kmk8pzg9ece8nj7x5e4vkxsc,1500.0,1500.0,0.0,58.57,1441.43,0.0,0.0,42-Day Post-Primary Report,07/30/2026,07/14/2026,2026-08-04
Roland Daniel Martin,https://www.mainecampaignfinancedisclosure.com/public/filers/f_01kj8q6d0aecfry25181tgft4v,600.0,600.0,0.0,1167.9,14972.1,0.0,0.0,42-Day Post-Primary MCEA Report,07/28/2026,07/14/2026,2026-08-04
Rolf Arthur Olsen Jr.,https://www.mainecampaignfinancedisclosure.com/public/filers/f_01kf4eat87emk8zw7zstc04a8g,3464.7,3461.89,2.81,1254.07,2207.82,0.0,0.0,11-Day Pre-Primary Report,07/22/2026,05/22/2026,2026-08-04
Ronald Russell,https://www.mainecampaignfinancedisclosure.com/public/filers/f_01knpsrn9cfym9w9sv39jqv06p,0.0,0.0,0.0,0.0,0.0,0.0,0.0,42-Day Post-Primary Report,07/28/2026,07/14/2026,2026-08-04
Roy D Gott,https://www.mainecampaignfinancedisclosure.com/public/filers/f_01krkwdxgefzatb9e058c51yzm,100.0,100.0,0.0,99.54,8950.0,0.0,0.0,42-Day Post-Primary MCEA Report,07/21/2026,07/14/2026,2026-08-04
Russell John Black,https://www.mainecampaignfinancedisclosure.com/public/filers/f_01kf4eat87emk8zw7ztrg7q9tv,1000.0,1000.0,0.0,1068.0,7225.0,0.0,0.0,42-Day Post-Primary MCEA Report,07/20/2026,07/14/2026,2026-08-04
Russell P. White,https://www.mainecampaignfinancedisclosure.com/public/filers/f_01kf4eat87emk8zw800xkb9rf7,1000.0,1000.0,0.0,1000.0,7300.0,0.0,0.0,42-Day Post-Primary MCEA Report,07/21/2026,07/14/2026,2026-08-04
Ryan Christopher Otis,https://www.mainecampaignfinancedisclosure.com/public/filers/f_01kf4eat87emk8zw7zvvwc1r92,3000.0,3000.0,0.0,10907.68,21237.32,0.0,0.0,42-Day Post-Primary MCEA Report,07/21/2026,07/14/2026,2026-08-04
Ryan Fecteau,https://www.mainecampaignfinancedisclosure.com/public/filers/f_01k89h8gchec793758qyat4xsg,1334.25,1334.25,0.0,150.6,1183.65,0.0,0.0,42-Day Post-Primary Report,07/21/2026,07/14/2026,2026-08-04
Ryan Morgan,https://www.mainecampaignfinancedisclosure.com/public/filers/f_01kkvwzw38eqxa6ydzh7h9a9zf,600.0,600.0,0.0,545.0,55.0,0.0,0.0,42-Day Post-Primary Report,07/21/2026,07/14/2026,2026-08-04
Saige Michele Bird,https://www.mainecampaignfinancedisclosure.com/public/filers/f_01kf4eat87emk8zw80500nrypm,0.0,0.0,0.0,0.0,0.0,0.0,0.0,,,,2026-08-04
Sally Cluchey,https://www.mainecampaignfinancedisclosure.com/public/filers/f_01kh7m9ke7f8hrvtrvk3q9z0v3,1000.66,1000.0,0.0,2091.81,19408.85,0.0,0.0,42-Day Post-Primary MCEA Report,07/21/2026,07/14/2026,2026-08-04
Samuel Lewis Zager,https://www.mainecampaignfinancedisclosure.com/public/filers/f_01kf4eat87emk8zw7zz91dadg8,1000.0,1000.0,0.0,1037.91,2637.09,0.0,1070.0,42-Day Post-Primary MCEA Report,07/20/2026,07/14/2026,2026-08-04
Scott A. Harriman,https://www.mainecampaignfinancedisclosure.com/public/filers/f_01kd8w6ftve6dak61qczsbke0w,1000.0,1000.0,0.0,1081.02,7218.98,0.0,0.0,42-Day Post-Primary MCEA Report,07/17/2026,07/14/2026,2026-08-04
Scott A. Harriman (Special),https://www.mainecampaignfinancedisclosure.com/public/filers/f_01kf4eat87emk8zw7zrgb26jft,33390.33,33065.76,324.57,32160.9,904.86,0.0,0.0,42-Day Post-Special Election Report (2026 HD 94 Special Election),07/22/2026,,2026-08-04
Scott Craig,https://www.mainecampaignfinancedisclosure.com/public/filers/f_01kjaz7wy5fd6ajftcv6qe8mbx,700.0,700.0,0.0,964.6,7035.4,0.0,0.0,42-Day Post-Primary MCEA Report,07/28/2026,07/14/2026,2026-08-04
Scott Doherty,https://www.mainecampaignfinancedisclosure.com/public/filers/f_01km3xczm0f5qra85tx16bmsjt,0.0,0.0,0.0,0.0,0.0,0.0,0.0,42-Day Post-Primary Report,07/20/2026,07/14/2026,2026-08-04
Scott Girardin,https://www.mainecampaignfinancedisclosure.com/public/filers/f_01kp3x7f5kf1cbts52s3v50zqj,0.0,0.0,0.0,0.0,0.0,0.0,0.0,42-Day Post-Primary Report,07/18/2026,07/14/2026,2026-08-04
Scott Strom,https://www.mainecampaignfinancedisclosure.com/public/filers/f_01km3n560neefs1gp9yrfe4ahe,0.0,0.0,0.0,0.0,0.0,0.0,0.0,42-Day Pre-Primary Report,04/28/2026,04/21/2026,2026-08-04
Scott W. Cyrway,https://www.mainecampaignfinancedisclosure.com/public/filers/f_01k89h8gchec793758qbpzdr0v,3000.0,3000.0,0.0,3247.99,35493.4,0.0,0.0,42-Day Post-Primary MCEA Report,07/20/2026,07/14/2026,2026-08-04
Sean Faircloth,https://www.mainecampaignfinancedisclosure.com/public/filers/f_01khbr2qcmf0eanw6xm7q5zdhp,0.0,0.0,0.0,0.0,2675.0,0.0,0.0,42-Day Post-Primary MCEA Report,07/15/2026,07/14/2026,2026-08-04
Sean Mahoney,https://www.mainecampaignfinancedisclosure.com/public/filers/f_01kf4eat87emk8zw7zsxk0cdq4,1000.0,1000.0,0.0,1150.34,7149.66,0.0,0.0,42-Day Post-Primary MCEA Report,07/14/2026,07/14/2026,2026-08-04
Seven Siegel,https://www.mainecampaignfinancedisclosure.com/public/filers/f_01kj8373fketn8bethv06tkj8t,1000.0,1000.0,0.0,1060.49,7239.51,0.0,0.0,42-Day Post-Primary MCEA Report,07/29/2026,07/14/2026,2026-08-04
Shanna Cox,https://www.mainecampaignfinancedisclosure.com/public/filers/f_01kf4eat87emk8zw806x866dvc,28964.01,25464.0,500.0,27527.84,936.17,3000.0,4100.0,42-Day Post-Primary Report,07/19/2026,07/14/2026,2026-08-04
Sharon C. Frost,https://www.mainecampaignfinancedisclosure.com/public/filers/f_01k89h8gchec793758r8enymtk,12371.1,12250.39,120.71,1029.38,11221.01,0.0,0.0,42-Day Post-Primary Report,07/19/2026,07/14/2026,2026-08-04
Shawn Leroy Lancaster,https://www.mainecampaignfinancedisclosure.com/public/filers/f_01kd8w6ftve6dak61q9jta98cn,2950.0,2950.0,0.0,593.27,2356.73,0.0,0.0,42-Day Post-Primary Report,07/21/2026,07/14/2026,2026-08-04
Shawn M. Dixon,https://www.mainecampaignfinancedisclosure.com/public/filers/f_01kd8w6ftve6dak61qd855tcv8,5106.0,2856.0,0.0,3078.35,2027.65,2250.0,0.0,42-Day Post-Primary Report,07/21/2026,07/14/2026,2026-08-04
Shawn Michael Packard,https://www.mainecampaignfinancedisclosure.com/public/filers/f_01kd8w6ftve6dak61qay6t3gsa,4050.01,4050.01,0.0,3718.55,331.46,0.0,0.0,42-Day Post-Primary Report,07/21/2026,07/14/2026,2026-08-04
Shawn Saindon,https://www.mainecampaignfinancedisclosure.com/public/filers/f_01kkkqq7khfy08rwphmm97pj6b,1000.0,1000.0,0.0,3206.81,5093.18,0.0,0.0,42-Day Post-Primary MCEA Report,07/30/2026,07/14/2026,2026-08-04
Sheila Lyman,https://www.mainecampaignfinancedisclosure.com/public/filers/f_01km65aqy3fhpsyzmghz2yy0za,1000.0,1000.0,0.0,4678.41,8571.59,0.0,0.0,42-Day Post-Primary MCEA Report,07/21/2026,07/14/2026,2026-08-04
Shenna Bellows,https://www.mainecampaignfinancedisclosure.com/public/filers/f_01k89h8gchec793758p1xtjrkn,1910163.56,1899246.71,8770.32,1824073.11,77320.13,0.0,0.0,42-Day Post-Primary Report,07/21/2026,07/14/2026,2026-08-04
Sophia Warren,https://www.mainecampaignfinancedisclosure.com/public/filers/f_01khnwqzkheg1rn44spkze48rd,3000.0,3000.0,0.0,16365.84,32960.48,0.0,0.0,42-Day Post-Primary MCEA Report,07/21/2026,07/14/2026,2026-08-04
Stacey Kay Guerin,https://www.mainecampaignfinancedisclosure.com/public/filers/f_01kd8w6ftve6dak61qbrk4k2cd,18002.47,18002.47,0.0,2008.22,15994.25,0.0,0.0,42-Day Post-Primary Report,07/15/2026,07/14/2026,2026-08-04
"Stanley Short, Jr.",https://www.mainecampaignfinancedisclosure.com/public/filers/f_01khstq3jte6eabvk0kwh29a55,0.0,0.0,0.0,0.0,0.0,0.0,0.0,42-Day Post-Primary Report,07/20/2026,07/14/2026,2026-08-04
Stephen Carey,https://www.mainecampaignfinancedisclosure.com/public/filers/f_01km0zn7n3fvdb6wk90pgx7d24,3000.0,3000.0,0.0,8922.17,29828.02,0.0,0.0,42-Day Post-Primary MCEA Report,07/21/2026,07/14/2026,2026-08-04
Stephen Wood,https://www.mainecampaignfinancedisclosure.com/public/filers/f_01kh7qjgq6fs88g8frphmy307k,3000.0,2000.0,0.0,0.0,3000.0,1000.0,0.0,42-Day Post-Primary Report,07/21/2026,07/14/2026,2026-08-04
Steven Butterfield,https://www.mainecampaignfinancedisclosure.com/public/filers/f_01khbtp46gfv59jcd5d8zvy6ag,960.0,960.0,0.0,4085.54,0.0,0.0,0.0,42-Day Post-Primary MCEA Report,07/08/2026,07/14/2026,2026-08-04
Steven Christopher Sheppard,https://www.mainecampaignfinancedisclosure.com/public/filers/f_01k89h8gcjegf9qpwdknptt244,1100.0,1100.0,0.0,1082.56,17.44,0.0,0.0,2025 July Semiannual Report,07/01/2025,,2026-08-04
Steven Matthew Bishop,https://www.mainecampaignfinancedisclosure.com/public/filers/f_01kd8w6ftweefsxt0c96zzdnqq,15929.56,15929.56,0.0,1638.05,14291.51,0.0,0.0,42-Day Post-Primary Report,07/16/2026,07/14/2026,2026-08-04
Steven McGee,https://www.mainecampaignfinancedisclosure.com/public/filers/f_01knsy0yb0f7395rjkqbxbqxyz,17727.06,17400.0,326.73,5291.42,12108.91,0.0,1327.91,42-Day Post-Primary Report,07/21/2026,07/14/2026,2026-08-04
Susan Bernard,https://www.mainecampaignfinancedisclosure.com/public/filers/f_01kk26pb4nedh99m9fv8s79t4k,6100.0,6100.0,0.0,3029.58,3070.42,0.0,0.0,42-Day Post-Primary Report,07/22/2026,07/14/2026,2026-08-04
Susan Fuller,https://www.mainecampaignfinancedisclosure.com/public/filers/f_01km3wqzqre9t84c1mzgw2faaa,0.0,0.0,0.0,0.0,0.0,0.0,0.0,,,,2026-08-04
Suzanne Johnson,https://www.mainecampaignfinancedisclosure.com/public/filers/f_01kkw18pe3f30927gxp2anjx3z,1600.0,1200.0,0.0,1278.68,321.32,0.0,0.0,42-Day Post-Primary Report,07/19/2026,07/14/2026,2026-08-04
Suzanne R. Andresen,https://www.mainecampaignfinancedisclosure.com/public/filers/f_01kf4eat87emk8zw7zvq8nst9d,1000.0,1000.0,0.0,4315.05,6627.95,0.0,0.0,42-Day Post-Primary MCEA Report,07/15/2026,07/14/2026,2026-08-04
Suzanne Salisbury,https://www.mainecampaignfinancedisclosure.com/public/filers/f_01kh557r74ff9a1be3rvmfrt2y,0.0,0.0,0.0,387.41,6912.59,0.0,0.0,42-Day Post-Primary MCEA Report,07/22/2026,07/14/2026,2026-08-04
Tammy Schmersal-Burgess,https://www.mainecampaignfinancedisclosure.com/public/filers/f_01kf4eat87emk8zw8028a729bm,0.0,0.0,0.0,1184.77,9415.23,0.0,0.0,42-Day Post-Primary MCEA Report,07/20/2026,07/14/2026,2026-08-04
Tavis Hasenfus,https://www.mainecampaignfinancedisclosure.com/public/filers/f_01km10v49nefgagt1pjbvgd2eh,1386.18,1385.84,0.0,4.92,1381.26,0.0,0.0,42-Day Post-Primary Report,07/21/2026,07/14/2026,2026-08-04
Taylor West,https://www.mainecampaignfinancedisclosure.com/public/filers/f_01kh52m79ae6sat8n6wxjtpsyq,945.03,945.0,0.0,3392.15,6500.89,0.0,,42-Day Post-Primary MCEA Report,07/23/2026,07/14/2026,2026-08-04
Teresa S Pierce,https://www.mainecampaignfinancedisclosure.com/public/filers/f_01kd8w6ftve6dak61q99asb3k5,3450.0,3450.0,0.0,39.5,3410.5,0.0,0.0,42-Day Post-Primary Report,07/19/2026,07/14/2026,2026-08-04
Thomas Hart,https://www.mainecampaignfinancedisclosure.com/public/filers/f_01knmawmxyfy2t678d7kcc60zw,1600.0,1600.0,0.0,0.0,1600.0,0.0,0.0,42-Day Post-Primary Report,07/30/2026,07/14/2026,2026-08-04
Thomas Lavigne,https://www.mainecampaignfinancedisclosure.com/public/filers/f_01kjftsme6fc6v1t20ayc56xke,3509.36,3509.36,0.0,451.86,3057.5,0.0,0.0,42-Day Post-Primary Report,07/06/2026,07/14/2026,2026-08-04
Thomas Watson,https://www.mainecampaignfinancedisclosure.com/public/filers/f_01kjg24ahxek29pkavfrcm30qw,0.0,0.0,0.0,0.0,0.0,0.0,0.0,,,,2026-08-04
Tiffany Strout,https://www.mainecampaignfinancedisclosure.com/public/filers/f_01kf4eat87emk8zw8024cmt5q8,0.87,0.0,0.0,259.45,7041.42,0.0,0.0,42-Day Post-Primary MCEA Report,07/14/2026,07/14/2026,2026-08-04
Timothy Becker,https://www.mainecampaignfinancedisclosure.com/public/filers/f_01kkkpp6spf80a2a02sb7k377e,1015.0,1000.0,0.0,3456.01,8158.46,0.0,0.0,42-Day Post-Primary MCEA Report,07/21/2026,07/14/2026,2026-08-04
Timothy Conrad Guerrette,https://www.mainecampaignfinancedisclosure.com/public/filers/f_01kd8w6ftve6dak61qbbg0eq17,0.0,0.0,0.0,1475.0,1200.0,0.0,0.0,42-Day Post-Primary MCEA Report,07/21/2026,07/14/2026,2026-08-04
Timothy E Nangle,https://www.mainecampaignfinancedisclosure.com/public/filers/f_01kd8w6ftve6dak61qdjz1m52z,2885.0,2885.0,0.0,4956.35,46943.65,0.0,0.0,42-Day Post-Primary MCEA Report,07/21/2026,07/14/2026,2026-08-04
Timothy Nickels,https://www.mainecampaignfinancedisclosure.com/public/filers/f_01kmdzfywefypsm1psyb3y08ez,3008.65,2308.65,0.0,2817.2,191.45,0.0,0.0,42-Day Post-Primary Report,06/30/2026,07/14/2026,2026-08-04
Timothy Towne,https://www.mainecampaignfinancedisclosure.com/public/filers/f_01kp925p1rehx88tdejsvz0wxz,3400.0,3400.0,0.0,2334.96,1065.04,0.0,0.0,42-Day Post-Primary Report,07/17/2026,07/14/2026,2026-08-04
Todd Michael Davis,https://www.mainecampaignfinancedisclosure.com/public/filers/f_01kf4eat87emk8zw8061te5wvw,0.0,0.0,0.0,0.0,8944.43,0.0,0.0,42-Day Post-Primary MCEA Report,07/20/2026,07/14/2026,2026-08-04
Tom Keefe,https://www.mainecampaignfinancedisclosure.com/public/filers/f_01kjajr541ftj82wd4j6nwres6,7892.5,2892.5,0.0,7892.5,0.0,0.0,0.0,42-Day Post-Primary Report,07/23/2026,07/14/2026,2026-08-04
Traci Gere,https://www.mainecampaignfinancedisclosure.com/public/filers/f_01kf4eat87emk8zw806hc84qnt,1000.0,1000.0,0.0,1000.0,13900.0,0.0,0.0,42-Day Post-Primary MCEA Report,07/16/2026,07/14/2026,2026-08-04
Tracy Quint,https://www.mainecampaignfinancedisclosure.com/public/filers/f_01khvdqbgkf6ss8nfhhjck9jh9,2450.0,2450.0,0.0,1976.44,473.56,0.0,0.0,42-Day Post-Primary Report,07/22/2026,07/14/2026,2026-08-04
Trent Vellella,https://www.mainecampaignfinancedisclosure.com/public/filers/f_01kkvr3wwdetnsd0z1bcanzs1d,1000.0,1000.0,0.0,2254.18,7691.0,0.0,360.0,42-Day Post-Primary MCEA Report,07/21/2026,07/14/2026,2026-08-04
Trevor Alex Doiron,https://www.mainecampaignfinancedisclosure.com/public/filers/f_01kf4eat87emk8zw7zqryby5fm,1000.0,1000.0,0.0,5973.3,15526.41,0.0,0.0,42-Day Post-Primary MCEA Report,07/20/2026,07/14/2026,2026-08-04
Troy Dale Jackson,https://www.mainecampaignfinancedisclosure.com/public/filers/f_01k89h8gcjegf9qpwdgkfvzb2g,1079415.73,1076362.42,3053.31,920167.57,156194.85,0.0,0.0,42-Day Post-Primary Report,07/21/2026,07/14/2026,2026-08-04
Valli D. Geiger,https://www.mainecampaignfinancedisclosure.com/public/filers/f_01kf4eat87emk8zw8071c1k83d,0.0,0.0,0.0,204.45,8745.55,0.0,0.0,42-Day Post-Primary MCEA Report,07/16/2026,07/14/2026,2026-08-04
Vaughn J Mclaughlin,https://www.mainecampaignfinancedisclosure.com/public/filers/f_01k89h8gcjegf9qpwdhtvjtpxz,1634.8,1634.0,0.0,1764.89,28960.91,0.0,0.0,42-Day Post-Primary MCEA Report,07/21/2026,07/14/2026,2026-08-04
Victoria Porter Kornfield,https://www.mainecampaignfinancedisclosure.com/public/filers/f_01kf4eat87emk8zw807zy2jp5w,725.0,725.0,0.0,3582.8,8740.2,0.0,0.0,42-Day Post-Primary MCEA Report,07/13/2026,07/14/2026,2026-08-04
Vincent Maietta,https://www.mainecampaignfinancedisclosure.com/public/filers/f_01km3vxfzee408tvztsmp8dt51,23200.0,23200.0,0.0,21158.48,2041.52,0.0,0.0,42-Day Post-Primary Report,07/21/2026,07/14/2026,2026-08-04
Walter Runte JR,https://www.mainecampaignfinancedisclosure.com/public/filers/f_01kjeje61pf4k8etvt35jz0j17,0.0,0.0,0.0,824.62,8125.38,0.0,0.0,42-Day Post-Primary MCEA Report,07/20/2026,07/14/2026,2026-08-04
Wayne K. Farrin,https://www.mainecampaignfinancedisclosure.com/public/filers/f_01kf4eat87emk8zw7zyzn2skex,1000.0,1000.0,0.0,1103.39,7196.61,0.0,0.0,42-Day Post-Primary MCEA Report,07/21/2026,07/14/2026,2026-08-04
Wayne Parry,https://www.mainecampaignfinancedisclosure.com/public/filers/f_01k89h8gcjegf9qpwdjvg002fp,21819.2,21604.65,214.27,612.6,20992.33,0.0,0.0,42-Day Post-Primary Report,07/19/2026,07/14/2026,2026-08-04
W. Edward Crockett,https://www.mainecampaignfinancedisclosure.com/public/filers/f_01kd8w6ftve6dak61q9dtgbm5e,9317.98,9317.98,0.0,9253.48,64.5,0.0,0.0,42-Day Post-Primary Report,07/17/2026,07/14/2026,2026-08-04
William J. St. Michel,https://www.mainecampaignfinancedisclosure.com/public/filers/f_01kf4eat87emk8zw7zwegwgy12,1000.0,1000.0,0.0,4323.3,8275.7,0.0,0.0,42-Day Post-Primary MCEA Report,07/21/2026,07/14/2026,2026-08-04
William R. Bridgeo,https://www.mainecampaignfinancedisclosure.com/public/filers/f_01kf4eat87emk8zw7zryk5a2kz,1000.0,1000.0,0.0,1086.96,12159.04,0.0,0.0,42-Day Post-Primary MCEA Report,07/21/2026,07/14/2026,2026-08-04
William R Tuell,https://www.mainecampaignfinancedisclosure.com/public/filers/f_01kf4eat87emk8zw7zx37px971,400.0,400.0,0.0,3828.0,6422.0,0.0,0.0,42-Day Post-Primary MCEA Report,07/13/2026,07/14/2026,2026-08-04
Woodleigh H Hughes,https://www.mainecampaignfinancedisclosure.com/public/filers/f_01kf4eat87emk8zw7zqqnqcm74,1000.0,1000.0,0.0,1050.0,15500.0,0.0,0.0,11-Day Pre-Primary MCEA Report,07/21/2026,05/22/2026,2026-08-04
Wyatt Beaulieu,https://www.mainecampaignfinancedisclosure.com/public/filers/f_01khpk9kb8fystaqb7yjan9802,0.0,0.0,0.0,811.33,6488.67,0.0,0.0,42-Day Post-Primary MCEA Report,07/20/2026,07/14/2026,2026-08-04
Yusuf Yusuf,https://www.mainecampaignfinancedisclosure.com/public/filers/f_01kmr8kwe3e68rk33j2a881tva,0.0,0.0,0.0,0.0,0.0,0.0,0.0,42-Day Post-Primary Report,07/15/2026,07/14/2026,2026-08-04
Zachary Anders Wood,https://www.mainecampaignfinancedisclosure.com/public/filers/f_01k89h8gcjegf9qpwdmgdab8ad,1657.0,1657.0,0.0,14775.75,,0.0,0.0,42-Day Post-Primary MCEA Report,07/27/2026,07/14/2026,2026-08-04
Zachary Lejonhud,https://www.mainecampaignfinancedisclosure.com/public/filers/f_01kke1dfp9ezptmkn927b42q5y,951.0,951.0,0.0,978.75,7264.0,0.0,0.0,42-Day Post-Primary MCEA Report,07/21/2026,07/14/2026,2026-08-04
Zachary T. Wyles,https://www.mainecampaignfinancedisclosure.com/public/filers/f_01kf4eat87emk8zw7zw01xc0nb,0.0,0.0,0.0,0.0,0.0,0.0,0.0,,,,2026-08-04
