candidate_name,loans,in_kind,transfers,treasury,forgiveness,interest,returned
Aaron Dana (independent),0,0,0,0,0,0,100.0
Adam Lee,0,0,5122.06,0,0,0,0
Alexandros Orestis,0,200.0,0,0,0,0,0
Alicia Collins,0,380.0,0,0,0,1.08,0
Amanda Collamore,0,0,3022.09,0,0,0,0
Amanda Heath,0,0,0,0,0,0,30.0
Amy Roeder,0,0,0,0,0,0,100.0
Andrew Gattine,0,0,1011.31,0,0,0,0
Andrew Laverdiere (not on ballot),0,38.22,0,0,0,0,0
Andrew Torbett,0,0,313.0,0,0,0,0
Angus King III (not on ballot),700000.0,53782.62,0,0,0,0,315.0
Anne Carney,0,0,193.17,0,0,0,5.0
Arthur Mingo,0,0,1705.29,0,0,0,0
Austin Theriault,0,390.35,0,0,0,0,0
Benjamin Hymes,0,0,1137.56,0,0,0,0
Benjamin Midgley (not on ballot),750000.0,32046.0,0,0,0,0,0
Billy Bob Faulkingham,0,0,0,0,0,0,839.41
Bradley Youngs,0,0,0,0,0,1.06,0
Chad Perkins,0,0,150.14,0,0,0,0
Charles Hippler IV,0,400.0,0,0,0,0,0
Craig Hickman,0,0,6024.37,0,0,0,0
Daniel Daley (not on ballot),4465.4,0,0,0,0,0,0
David Boyer Jr.,0,121.64,8234.22,0,0,0,0
David Duguay (independent),5100.0,0,0,0,0,0,0
David Giles,3000.0,0,0,0,0,0,0
David Jones (not on ballot),25000.0,116755.67,0,0,0,158.45,5915.74
David Mongeau II (independent),0,0,0,0,0,0.98,0
Dean Cray,0,0,1698.5,0,0,0,0
"Derek Allen Levasseur (independent, not on ballot)",22500.0,369.8,0,0,0,0,0
Donald Ardell,0,0,146.23,0,0,0,0
Elizabeth Bosworth,0,0,0,0,0,0,100.0
Elizabeth Caruso,0,0,0,0,0,0,100.0
Eric Small (dropped out),0,0,0,0,0,0.04,0
Ethan Mongue,0,141.46,0,0,0,0,0
Flavia DeBrito,0,0,0,0,0,0,100.0
Garrett Paul Mason (not on ballot),50000.0,0,0,0,0,0,0
Glenn Curry,0,0,0,0,0,0,105.0
Guy Lebida (not on ballot),0,0,0,0,993.54,0,0
Hannah Pingree,85000.0,14018.45,0,0,0,46.81,6695.56
Jack McCarthy (not on ballot),0,313.39,0,0,0,0,0
James Libby (not on ballot),0,0,2130.0,0,0,0,0
James Sorcek,0,20.04,0,0,0,0,0
James White,0,0,84.51,0,0,0,0
Janet Beaudoin,0,0,1878.6,0,0,0,0
Jantzen Craine,2922.32,0,0,0,0,0,0
Jason Cherry (not on ballot),1900.0,0,0,0,0,0,0
Jason Litalien (independent),205.49,0,0,0,0,0,0
Jeffrey Adams (dropped out),0,0,371.49,0,0,0,0
Jeffrey Timberlake,0,0,954.65,0,0,0.31,0
Jennifer Poirier,0,0,134.46,0,0,0,0
Joel Stetkis,5000.0,0,0,0,0,0,0
John Andrews,0,1612.84,0,0,0,0,0
John Ducharme III,0,0,106.43,0,0,0.16,0
"John Glowa Sr. (independent, not on ballot)",21384.0,7019.92,0,0,0,0,0
Jonathan Bush (not on ballot),1576500.0,80638.65,0,0,0,0,4150.0
Jonathan Fallon,0,0,0,0,0,0,44.0
Joseph Martin,0,0,99.0,0,3366.72,0,0
Joshua Morris (dropped out),0,0,3089.39,0,0,0,0
Julia McCabe,0,0,0,0,0,0,200.0
Katrina Smith,0,0,3033.43,0,0,0,0
Kenneth Cianchette,11000.0,0,0,0,0,0,0
Kenneth Fredette,0,0,0,0,0,0.66,0
Kiernan Majerus-Collins,37000.0,0,0,0,0,0,0
Laura Supica,0,0,549.03,0,0,0,0
Laurel Libby (dropped out),0,129.66,0,0,0,0,0
Lisa Pratt,0,0,0,0,0,0.01,0
Lynn Copeland,0,0,77.51,0,0,0,0
Mana Abdi (not on ballot),0,0,0,0,0,0,108.0
Marc Boisse,2017.0,0,0,0,0,0.01,0
Marc Malon II,0,25.0,216.16,0,0,0,0
Mark Vigliotta,0,0,0,0,0,0,55.0
Mark Walker,0,0,350.0,0,0,0,0
Marshall Archer,0,0,5401.24,0,0,0,0
Marygrace Cimino,0,0,354.58,0,0,0,0
Matthea Daughtry,0,0,1543.1,0,0,0,20.0
Matthew Beck,0,0,3868.42,0,0,0,0
Matthew Harrington,0,669.92,3305.28,0,0,0,0
Matthew Moonen,0,0,2895.0,0,0,0,0
Matthew Townsend,0,0,0,0,0,0.03,0
Melissa Byer,0,433.06,0,0,0,0,0
Melissa Winslow,0,0,0,0,0,0.03,0
Michael Brayson,100.0,0,0,0,0,0,0
Michael Lemelin,0,0,1228.75,0,0,0,0
Michael Soboleski,500.0,0,0,0,0,0,0
Nathan Carlow,0,0,7983.71,0,0,0,0
Nirav Shah (not on ballot),40000.0,67848.95,0,0,0,0,13811.0
Owen McCarthy (not on ballot),135000.0,10308.01,0,0,0,0,4150.0
Patrick Jude,0,0,91.75,0,0,0,0
Paul Flynn,0,350.0,3187.43,0,0,0,0
Peter Wood,0,0,201.57,0,0,0,0
Quentin Chapman,0,0,1423.89,0,0,0,0
Rachel Talbot Ross,0,0,1618.9,0,0,0,0
Randall Gauvin,0,240.81,9126.36,0,0,0.33,0
Reagan Paul,0,0,15165.49,0,0,0,0
Rhiannon Hampson,0,623.79,0,0,0,0,0
Richard Bennett (independent),0,2680.02,0,0,0,0,0
Richard Campbell,0,0,7232.71,0,0,0,0
Richard Mason,0,0,0,0,0,0.06,0
Robert Charles,220000.0,14317.1,0,0,0,5909.19,29572.42
Robert Wessels (not on ballot),0,744.57,0,0,0,0,1.35
Rolf Olsen Jr.,0,2.81,0,0,0,0,0
Ryan Fecteau,0,0,1319.25,0,0,0,0
Sally Cluchey,0,0,0,0,0,0.01,0
Samuel Pfeifle (independent),0,100.0,0,0,0,0,0
Scott Harriman,0,0,750.0,0,0,0,0
Shanna Cox,0,500.0,0,0,0,0,0
Sharon Frost (independent),0,120.71,0,0,0,0,0
Shawn Dixon,2250.0,0,0,0,0,0,0
Shenna Bellows (not on ballot),0,8735.53,0,0,0,2146.53,0
Sophia Warren,0,0,0,0,0,0,430.0
Stacey Guerin,0,0,15621.82,0,0,0,1250.0
Steven Bishop,0,0,334.56,0,0,0,0
Steven McGee,0,205.73,0,0,0,0,0
Suzanne Johnson,400.0,0,0,0,0,0,0
Tavis Hasenfus,0,0,1362.65,0,0,1.53,0
Thomas Keefe (not on ballot),5000.0,0,0,0,0,0,0
Thomas Lavigne,0,0,2009.36,0,0,0,0
Tiffany Strout,0,0,0,0,0,0.87,0
Timothy Nangle,0,0,0,0,0,0,100.0
Timothy Nickels (not on ballot),700.0,0,0,0,500.0,0,0
Troy Jackson (not on ballot),0,3053.31,0,0,0,0,0
Wayne Parry,0,214.27,9309.65,0,0,0,0
Woodleigh Hughes,0,0,0,0,0,0,100.0
Zachary Lejonhud (independent),0,0,0,0,0,0,200.0
