"candidate","race","district","party","small_dollar_total","show_on_page","display_name","finance_type"
"aaron dana","Senator","6","Unenrolled",25,"yes","Aaron Dana (independent)","MCEA"
"abigail geer","Representative","86","Democratic",45,"yes","Abigail Geer","MCEA"
"adam r lee","Representative","89","Democratic",780,"yes","Adam Lee","TF"
"alan lee orcutt","Representative","37","Democratic",350,"yes","Alan Orcutt","MCEA"
"alexandros orestis","Representative","150","Democratic",150,"yes","Alexandros Orestis","MCEA"
"alicia c collins","Representative","61","Republican",180,"yes","Alicia Collins","TF"
"amanda heath","Senator","15","Democratic",380,"yes","Amanda Heath","MCEA"
"ambureen rana","Representative","21","Democratic",300,"yes","Ambureen Rana","MCEA"
"amy d kuhn","Representative","111","Democratic",50,"yes","Amy Kuhn","MCEA"
"amy j roeder","Senator","9","Democratic",1305,"yes","Amy Roeder","MCEA"
"andrew m gattine","Representative","126","Democratic",200,"yes","Andrew Gattine","TF"
"andrew zarro","Representative","115","Democratic",545,"yes","Andrew Zarro","TF"
"angus s king iii","Governor",NA,"Democratic",21556.13,"yes","Angus King III (not on ballot)","TF"
"anne carney","Senator","29","Democratic",5,"yes","Anne Carney","TF"
"april fournier","Representative","114","Democratic",305,"yes","April Fournier","TF"
"arlie hetrick jr","Representative","77","Democratic",15,"yes","Arlie Hetrick Jr.","MCEA"
"austin theriault","Representative","1","Republican",1256.38,"yes","Austin Theriault","TF"
"ayn hanselmann","Representative","142","Democratic",200,"yes","Ayn Hanselmann","MCEA"
"azalea cormier","Representative","80","Unenrolled",250,"yes","Azalea Cormier (independent)","MCEA"
"benjamin midgley","Governor",NA,"Republican",3663,"yes","Benjamin Midgley (not on ballot)","TF"
"billy bob faulkingham","Senator","6","Republican",2215,"yes","Billy Bob Faulkingham","TF"
"bradley s moulton","Representative","146","Republican",50,"yes","Bradley Moulton","MCEA"
"braeden webber","Representative","99","Republican",131,"yes","Braeden Webber","MCEA"
"brian ames","Representative","23","Republican",145,"yes","Brian Ames","MCEA"
"brianna lueck","Representative","79","Democratic",50,"yes","Brianna Lueck","MCEA"
"bruce bickford","Senator","20","Republican",145,"yes","Bruce Bickford","MCEA"
"caleb joseph chase","Representative","145","Republican",50,"yes","Caleb Chase","MCEA"
"caleb joshua ness","Representative","82","Republican",125,"yes","Caleb Ness","MCEA"
"cassie l julia","Representative","65","Democratic",150,"yes","Cassie Julia","MCEA"
"chad richard perkins","Senator","4","Republican",144.2,"yes","Chad Perkins","TF"
"charles edward tilburg","Representative","137","Democratic",150,"yes","Charles Tilburg","MCEA"
"charles hippler iv","Representative","55","Republican",150,"yes","Charles Hippler IV","TF"
"cheryl a golek","Representative","99","Democratic",100,"yes","Cheryl Golek","MCEA"
"cheryl hewes","Senator","7","Republican",220.71,"yes","Cheryl Hewes","MCEA"
"chester b grover iii","Representative","47","Republican",50,"yes","Chester Grover III","MCEA"
"chris p austin","Representative","43","Republican",121.54,"yes","Christopher Austin","TF"
"christina rue cork mitchell","Representative","110","Democratic",100,"yes","Christina Mitchell","MCEA"
"christopher easton","Representative","81","Democratic",100,"yes","Christopher Easton","MCEA"
"cory raymond","Representative","41","Republican",120,"yes","Cory Raymond","TF"
"craig v hickman","Senator","14","Democratic",75,"yes","Craig Hickman","TF"
"daniel sayre","Senator","34","Democratic",301,"yes","Daniel Sayre","MCEA"
"daniel simonds","Representative","73","Democratic",100,"yes","Daniel Simonds","MCEA"
"danny e costain","Senator","3","Republican",30,"yes","Danny Costain (not on ballot)","TF"
"david h mccrea","Representative","3","Democratic",150,"yes","David McCrea","MCEA"
"david john jones","Governor",NA,"Republican",3193.25,"yes","David Jones (not on ballot)","TF"
"david roland mongeau ii","Representative","141","Unenrolled",45,"yes","David Mongeau II (independent)","MCEA"
"david wayne boyer jr","Representative","87","Republican",300,"yes","David Boyer Jr.","TF"
"deane rykerson","Senator","35","Democratic",250,"yes","Deane Rykerson (not on ballot)","MCEA"
"denise tepler","Senator","24","Democratic",275,"yes","Denise Tepler","MCEA"
"derek allen levasseur","Governor",NA,"Unenrolled",200,"yes","Derek Allen Levasseur (independent, not on ballot)","TF"
"dexter buzz bridges","Representative","58","Republican",120,"yes","Dexter Bridges","MCEA"
"douglas a thomas","Representative","72","Republican",50,"yes","Douglas Thomas","MCEA"
"edwin m mitchell","Senator","13","Unenrolled",545,"yes","Edwin Mitchell (independent)","MCEA"
"eleanor sato","Senator","30","Democratic",600,"yes","Eleanor Sato (not on ballot)","MCEA"
"elizabeth d bosworth","Senator","18","Democratic",865,"yes","Elizabeth Bosworth","MCEA"
"erik hobson","Representative","48","Republican",100,"yes","Erik Hobson","MCEA"
"eryn soule","Senator","21","Unenrolled",100,"yes","Eryn Soule (independent)","MCEA"
"ethan mongue","Representative","126","Republican",100,"yes","Ethan Mongue","TF"
"flavia m debrito","Representative","64","Democratic",123,"yes","Flavia DeBrito","MCEA"
"frank joseph casella","Representative","21","Republican",100,"yes","Frank Casella","MCEA"
"garrett paul mason","Governor",NA,"Republican",125,"yes","Garrett Paul Mason (not on ballot)","TF"
"glenn chip curry","Senator","11","Democratic",395,"yes","Glenn Curry","MCEA"
"gordon powell street","Representative","28","Democratic",100,"yes","Gordon Street","MCEA"
"grayson benjamin lookner","Representative","113","Democratic",50,"yes","Grayson Lookner","MCEA"
"h scott landry","Representative","75","Democratic",100,"yes","Scott Landry","TF"
"hannah pingree","Governor",NA,"Democratic",91105.05,"yes","Hannah Pingree","TF"
"henry lawrence","Representative","102","Republican",250,"yes","Henry Lawrence III","TF"
"holly rae eaton","Representative","15","Democratic",130,"yes","Holly Eaton","MCEA"
"james f dill","Representative","26","Democratic",275,"yes","James Dill","MCEA"
"james libby","Governor",NA,"Republican",1475,"yes","James Libby (not on ballot)","TF"
"james sorcek","Representative","90","Republican",125,"yes","James Sorcek","MCEA"
"jamie k newton","Representative","139","Republican",150,"yes","Jamie Newton","TF"
"jantzen stephen craine","Representative","7","Republican",165,"yes","Jantzen Craine","TF"
"jason shedlock","Representative","120","Democratic",1798,"yes","Jason Shedlock","TF"
"jeffrey timberlake","Representative","91","Republican",1.53,"yes","Jeffrey Timberlake","TF"
"jessica bonafine blanchard","Representative","69","Democratic",150,"yes","Jessica Blanchard","MCEA"
"joel r stetkis","Senator","3","Republican",442.23,"yes","Joel Stetkis","TF"
"john e ducharme iii","Representative","71","Republican",200,"yes","John Ducharme III","TF"
"jojean keller","Senator","17","Democratic",150,"yes","Jo-Jean Keller","MCEA"
"jonathan reed fallon","Senator","34","Republican",144,"yes","Jonathan Fallon","MCEA"
"joschka winterling","Representative","23","Democratic",20,"yes","Joschka Winterling (not on ballot)","MCEA"
"joseph almand","Representative","70","Democratic",255,"yes","Joseph Almand","MCEA"
"joseph campbell","Representative","107","Democratic",100,"yes","Joseph Campbell","MCEA"
"joseph paul guerin","Senator","4","Republican",50,"yes","Joseph Guerin (not on ballot)","TF"
"julia a g mccabe","Representative","93","Democratic",170,"yes","Julia McCabe","MCEA"
"karen l montell","Representative","54","Democratic",300,"yes","Karen Montell","MCEA"
"katie brydon","Representative","23","Democratic",200,"yes","Katie Brydon (not on ballot)","MCEA"
"katrina couch raysaulis","Representative","59","Democratic",280,"yes","Katrina Couch Ray-Saulis","MCEA"
"katrina j smith","Representative","62","Republican",500,"yes","Katrina Smith","TF"
"kayla miller","Representative","38","Democratic",40,"yes","Kayla Miller","MCEA"
"kenneth davis jr","Senator","6","Republican",50,"yes","Kenneth Davis (not on ballot)","MCEA"
"kenneth james cianchette","Senator","26","Republican",150,"yes","Kenneth Cianchette","TF"
"kimberly j pomerleau","Senator","22","Republican",180,"yes","Kimberly Pomerleau","MCEA"
"kristin tyra davis","Representative","145","Democratic",200,"yes","Kristin Davis","MCEA"
"kristine a poland","Representative","46","Unenrolled",444,"yes","Kristine Poland (independent)","MCEA"
"laurel libby","Representative","90","Republican",8668,"yes","Laurel Libby (dropped out)","TF"
"laurie osher","Representative","25","Democratic",500,"yes","Laurie Osher","MCEA"
"leo christopher kenney","Senator","8","Republican",80,"yes","Leo Kenney","MCEA"
"lisa pratt","Representative","135","Democratic",50,"yes","Lisa Pratt","MCEA"
"louis samuel pfeifle","Representative","104","Unenrolled",100,"yes","Samuel Pfeifle (independent)","MCEA"
"madison cook","Representative","39","Democratic",245,"yes","Madison Cook","MCEA"
"mallory aaren cook","Representative","149","Democratic",200,"yes","Mallory Cook","MCEA"
"marc edwards","Representative","74","Democratic",180,"yes","Marc Edwards","MCEA"
"marc g malon ii","Representative","133","Democratic",750,"yes","Marc Malon II","TF"
"marcus mrowka","Representative","41","Democratic",70,"yes","Marcus Mrowka (not on ballot)","MCEA"
"mark c cooper","Representative","107","Republican",90,"yes","Mark Cooper","MCEA"
"mark frederick zimmer","Representative","150","Republican",20,"yes","Mark Zimmer","MCEA"
"mark vigliotta","Senator","33","Democratic",650,"yes","Mark Vigliotta","MCEA"
"mark walker","Representative","84","Republican",50,"yes","Mark Walker","TF"
"marshall archer","Representative","129","Democratic",10,"yes","Marshall Archer","TF"
"mary shannon lindstrom","Representative","124","Unenrolled",85,"yes","Mary Lindstrom (independent)","MCEA"
"matthew a harrington","Senator","33","Republican",375,"yes","Matthew Harrington","TF"
"matthew kershaw","Representative","95","Democratic",102.71,"yes","Matthew Kershaw (not on ballot)","MCEA"
"maura h pillsbury","Representative","102","Democratic",300,"yes","Maura Pillsbury","MCEA"
"maureen aucoin","Representative","55","Democratic",200,"yes","Maureen AuCoin","MCEA"
"melissa byer","Representative","42","Republican",35,"yes","Melissa Byer","TF"
"michael brayson","Representative","33","Democratic",42.54,"yes","Michael Brayson","MCEA"
"michael dixon","Representative","119","Democratic",300,"yes","Michael Dixon","MCEA"
"michael hobart cunningham ii","Representative","13","Democratic",50,"yes","Michael Cunningham II","MCEA"
"michael r scott","Senator","20","Democratic",535,"yes","Michael Scott","MCEA"
"michelle tucker","Representative","54","Republican",465,"yes","Michelle Tucker","TF"
"mike soboleski","Representative","73","Republican",275,"yes","Michael Soboleski","TF"
"nancy mcdowell","Representative","29","Democratic",50,"yes","Nancy McDowell","MCEA"
"nancy mcdowellspecial","Representative","29","Democratic",50,"yes","Nancy McDowell (special election)","MCEA"
"nathan burnett","Senator","22","Democratic",270,"yes","Nathan Burnett","MCEA"
"nathan m carlow","Representative","137","Republican",175,"yes","Nathan Carlow","TF"
"nina a milliken","Representative","16","Democratic",100,"yes","Nina Milliken","MCEA"
"nirav shah","Governor",NA,"Democratic",97789.34,"yes","Nirav Shah (not on ballot)","TF"
"oliver mcavoy","Representative","138","Democratic",50,"yes","Oliver McAvoy","MCEA"
"pamela jo swift","Representative","62","Democratic",200,"yes","Pamela Swift","MCEA"
"parnell william terry","Representative","108","Democratic",50,"yes","Parnell Terry","MCEA"
"patric moore","Senator","16","Democratic",685,"yes","Patric Moore","MCEA"
"paul welch","Representative","85","Democratic",50,"yes","Paul Welch","MCEA"
"peter j southam","Senator","19","Democratic",280,"yes","Peter Southam","MCEA"
"peter q jenks","Representative","43","Democratic",200,"yes","Peter Jenks (dropped out)","MCEA"
"r melissa winslow","Representative","104","Republican",320,"yes","Melissa Winslow","TF"
"rachel mary phipps","Representative","135","Democratic",80,"yes","Rachel Phipps (not on ballot)","MCEA"
"rafael leo macias","Representative","51","Democratic",200,"yes","Rafael Macias","MCEA"
"randall douglas gauvin","Representative","75","Republican",100,"yes","Randall Gauvin","TF"
"ray thombs","Representative","44","Republican",181,"yes","Ray Thombs","TF"
"reagan leeann paul","Representative","37","Republican",600,"yes","Reagan Paul","TF"
"rebecca lynn flood andrews","Representative","141","Democratic",35,"yes","Rebecca Flood Andrews","MCEA"
"rebecca stephens","Representative","45","Republican",50,"yes","Rebecca Stephens","TF"
"rhiannon hampson","Representative","43","Democratic",345,"yes","Rhiannon Hampson","TF"
"richard bennett","Governor",NA,"Unenrolled",2205,"yes","Richard Bennett (independent)","TF"
"richard g mason","Senator","17","Republican",25.5,"yes","Richard Mason","TF"
"robert b charles","Governor",NA,"Republican",15274.55,"yes","Robert Charles","TF"
"robert finch sullebarger","Senator","5","Democratic",324,"yes","Robert Sullebarger","MCEA"
"robert j wessels","Governor",NA,"Republican",6110.69,"yes","Robert Wessels (not on ballot)","TF"
"robin uptonsukeforth","Representative","56","Democratic",315,"yes","Robin Upton-Sukeforth","MCEA"
"ryan m fecteau","Representative","132","Democratic",40,"yes","Ryan Fecteau","TF"
"sally jeane cluchey","Representative","52","Democratic",100,"yes","Sally Cluchey","MCEA"
"scott w cyrway","Senator","16","Republican",305,"yes","Scott Cyrway","MCEA"
"sean f faircloth","Representative","24","Democratic",25,"yes","Sean Faircloth","MCEA"
"shanna cox","Senator","21","Democratic",175,"yes","Shanna Cox","TF"
"sharon c frost","Representative","58","Unenrolled",306.4,"yes","Sharon Frost (independent)","TF"
"shawn michael packard","Representative","64","Republican",180,"yes","Shawn Packard","TF"
"shawn saindon","Representative","44","Unenrolled",50,"yes","Shawn Saindon (independent)","MCEA"
"shenna bellows","Governor",NA,"Democratic",126840.24,"yes","Shenna Bellows (not on ballot)","TF"
"sophia warren","Senator","30","Democratic",320,"yes","Sophia Warren","MCEA"
"stephen carey","Senator","9","Unenrolled",200,"yes","Stephen Carey (independent)","MCEA"
"steven butterfield","Representative","55","Democratic",260,"yes","Steven Butterfield (not on ballot)","MCEA"
"steven matthew bishop iv","Representative","17","Republican",10,"yes","Steven Bishop","TF"
"taylor west","Representative","63","Democratic",346,"yes","Taylor West","MCEA"
"thomas hart","Representative","12","Republican",50,"yes","Thomas Hart","TF"
"timothy e nangle","Senator","26","Democratic",420,"yes","Timothy Nangle","MCEA"
"tom keefe","Representative","59","Democratic",530,"yes","Thomas Keefe (not on ballot)","TF"
"traci l gere","Representative","134","Democratic",100,"yes","Traci Gere","MCEA"
"trevor alex doiron","Representative","76","Democratic",100,"yes","Trevor Doiron","MCEA"
"troy dale jackson","Governor",NA,"Democratic",103382.27,"yes","Troy Jackson (not on ballot)","TF"
"vaughn j mclaughlin","Senator","1","Democratic",134,"yes","Vaughn McLaughlin","MCEA"
"w edward crockett","Governor",NA,"Unenrolled",25,"yes","Edward Crockett (independent, not on ballot)","TF"
"wayne k farrin","Representative","47","Democratic",300,"yes","Wayne Farrin","MCEA"
"wayne parry","Representative","140","Republican",475,"yes","Wayne Parry","TF"
"william j st michel","Representative","98","Republican",125,"yes","William St. Michel","MCEA"
"woodleigh h hughes","Representative","78","Democratic",10,"yes","Woodleigh Hughes","MCEA"
"zachary anders wood","Senator","4","Republican",175,"yes","Zachary Wood (not on ballot)","MCEA"
