"candidate","race","district","party","tot_con_per_cand","show_on_page","display_name","finance_type"
"hannah pingree","Governor",NA,"Democratic",2432116.4,"yes","Hannah Pingree","TF"
"shenna bellows","Governor",NA,"Democratic",1672883.28,"yes","Shenna Bellows (not on ballot)","TF"
"jonathan bush","Governor",NA,"Republican",1447420,"yes","Jonathan Bush (not on ballot)","TF"
"nirav shah","Governor",NA,"Democratic",1246868.85,"yes","Nirav Shah (not on ballot)","TF"
"angus s king iii","Governor",NA,"Democratic",1194028.86,"yes","Angus King III (not on ballot)","TF"
"troy dale jackson","Governor",NA,"Democratic",912130.76,"yes","Troy Jackson (not on ballot)","TF"
"robert b charles","Governor",NA,"Republican",792720.92,"yes","Robert Charles","TF"
"richard bennett","Governor",NA,"Unenrolled",688181.97,"yes","Richard Bennett (independent)","TF"
"david john jones","Governor",NA,"Republican",499329.22,"yes","David Jones (not on ballot)","TF"
"owen mccarthy","Governor",NA,"Republican",386477.21,"yes","Owen McCarthy (not on ballot)","TF"
"benjamin midgley","Governor",NA,"Republican",337168,"yes","Benjamin Midgley (not on ballot)","TF"
"garrett paul mason","Governor",NA,"Republican",175753.68,"yes","Garrett Paul Mason (not on ballot)","TF"
"robert j wessels","Governor",NA,"Republican",44638.19,"yes","Robert Wessels (not on ballot)","TF"
"james libby","Governor",NA,"Republican",15259.7,"yes","James Libby (not on ballot)","TF"
"w edward crockett","Governor",NA,"Unenrolled",8835,"yes","Edward Crockett (independent, not on ballot)","TF"
"derek allen levasseur","Governor",NA,"Unenrolled",1150,"yes","Derek Allen Levasseur (independent, not on ballot)","TF"
"john michael glowa sr","Governor",NA,"Unenrolled",1150,"yes","John Glowa Sr. (independent, not on ballot)","TF"
"andrew parker","Governor",NA,"Unenrolled",0,"yes","Andrew Parker (independent, not on ballot)","TF"
"austin theriault","Representative",1,"Republican",26685.78,"yes","Austin Theriault","TF"
"dana marie appleby","Representative",1,"Democratic",0,"yes","Dana Appleby (dropped out)","TF"
"roger clarence albert","Representative",2,"Republican",1000,"yes","Roger Albert","TF"
"roland daniel martin","Representative",2,"Democratic",600,"yes","Roland Martin","MCEA"
"susan bernard","Representative",3,"Republican",4550,"yes","Susan Bernard","TF"
"david h mccrea","Representative",3,"Democratic",850,"yes","David McCrea","MCEA"
"jack mccarthy","Representative",3,"Republican",0,"yes","Jack McCarthy (not on ballot)","TF"
"timothy conrad guerrette","Representative",4,"Republican",0,"yes","Timothy Guerrette","MCEA"
"douglas colburn carlisle jr","Representative",5,"Republican",1000,"yes","Douglas Carlisle Jr.","MCEA"
"bruce archer","Representative",5,"Democratic",0,"yes","Bruce Archer (dropped out)","MCEA"
"melanie ann tompkins","Representative",6,"Democratic",0,"yes","Melanie Tompkins","TF"
"donald james ardell","Representative",6,"Republican",0,"yes","Donald Ardell","TF"
"matthew rush","Representative",7,"Democratic",2070,"yes","Matthew Rush","MCEA"
"jantzen stephen craine","Representative",7,"Republican",981.15,"yes","Jantzen Craine","TF"
"tracy lynn quint","Representative",8,"Republican",1200,"yes","Tracy Quint","TF"
"nicole richards","Representative",9,"Democratic",0,"yes","Nicole Richards","MCEA"
"arthur k mingo","Representative",9,"Republican",0,"yes","Arthur Mingo","TF"
"daniel daley","Representative",10,"Republican",400,"yes","Daniel Daley (not on ballot)","TF"
"william r tuell","Representative",10,"Republican",400,"yes","William Tuell","MCEA"
"genevieve lemire","Representative",10,"Democratic",175,"yes","Genevieve Lemire","MCEA"
"keith newman","Representative",11,"Democratic",160,"yes","Keith Newman","MCEA"
"tiffany strout","Representative",11,"Republican",0,"yes","Tiffany Strout","MCEA"
"thomas hart","Representative",12,"Republican",600,"yes","Thomas Hart","TF"
"russell p white","Representative",13,"Republican",1000,"yes","Russell White","MCEA"
"michael hobart cunningham ii","Representative",13,"Democratic",650,"yes","Michael Cunningham II","MCEA"
"gary friedmann","Representative",14,"Democratic",5300,"yes","Gary Friedmann","MCEA"
"jean donovan","Representative",14,"Republican",146,"yes","Jean Donovan (dropped out)","TF"
"holly rae eaton","Representative",15,"Democratic",530,"yes","Holly Eaton","MCEA"
"nina a milliken","Representative",16,"Democratic",1000,"yes","Nina Milliken","MCEA"
"eric white","Representative",16,"Republican",0,"yes","Eric White","TF"
"steven matthew bishop iv","Representative",17,"Republican",13010,"yes","Steven Bishop","TF"
"ronald b russell","Representative",17,"Democratic",0,"yes","Ronald Russell","TF"
"mathew david mcintyre","Representative",18,"Republican",3000,"yes","Mathew McIntyre","TF"
"jonathan goble","Representative",18,"Democratic",1115.54,"yes","Jonathan Goble","TF"
"richard h campbell","Representative",19,"Republican",0,"yes","Richard Campbell","TF"
"david ulrich","Representative",19,"Democratic",0,"yes","David Ulrich","MCEA"
"dani ohalloran","Representative",20,"Democratic",1000,"yes","Dani O'Halloran","MCEA"
"patrick a jude","Representative",20,"Republican",0,"yes","Patrick Jude","MCEA"
"ambureen rana","Representative",21,"Democratic",1000,"yes","Ambureen Rana","MCEA"
"frank joseph casella","Representative",21,"Republican",1000,"yes","Frank Casella","MCEA"
"andrew laverdiere","Representative",21,"Republican",100,"yes","Andrew Laverdiere (not on ballot)","TF"
"laura danielle supica","Representative",22,"Democratic",750,"yes","Laura Supica","TF"
"colleen t oneal","Representative",22,"Republican",0,"yes","Colleen O'Neal","TF"
"brian ames","Representative",23,"Republican",1050,"yes","Brian Ames","MCEA"
"katie brydon","Representative",23,"Democratic",1050,"yes","Katie Brydon (not on ballot)","MCEA"
"joschka winterling","Representative",23,"Democratic",792.27,"yes","Joschka Winterling (not on ballot)","MCEA"
"victoria porter kornfield","Representative",23,"Democratic",700,"yes","Victoria Kornfield","MCEA"
"sean f faircloth","Representative",24,"Democratic",900,"yes","Sean Faircloth","MCEA"
"laurie osher","Representative",25,"Democratic",2555,"yes","Laurie Osher","MCEA"
"anthony m weaver","Representative",25,"Republican",0,"yes","Anthony Weaver","MCEA"
"james f dill","Representative",26,"Democratic",950,"yes","James Dill","MCEA"
"edward l paradis","Representative",26,"Republican",0,"yes","Edward Paradis (dropped out)","TF"
"adam shaw","Representative",26,"Unenrolled",0,"yes","Adam Shaw (independent)","TF"
"david giles","Representative",27,"Republican",850,"yes","David Giles","TF"
"devan arnold","Representative",27,"Democratic",310,"yes","Devan Arnold","MCEA"
"gordon powell street","Representative",28,"Democratic",1290,"yes","Gordon Street","MCEA"
"irene a gifford","Representative",28,"Republican",0,"yes","Irene Gifford","MCEA"
"nancy mcdowell","Representative",29,"Democratic",985,"yes","Nancy McDowell","MCEA"
"nancy mcdowellspecial","Representative",29,"Democratic",950,"yes","Nancy McDowell (special election)","MCEA"
"nancy jean theriault","Representative",29,"Republican",525,"yes","Nancy Theriault","MCEA"
"nancy theriaultspecial","Representative",29,"Republican",0,"yes","Nancy Theriault (special election)","TF"
"james michael michaud","Representative",29,"Republican",0,"yes","James Michaud (not on ballot)","TF"
"james lee white","Representative",30,"Republican",600,"yes","James White","TF"
"john j contreni jr","Representative",30,"Democratic",0,"yes","John Contreni, Jr.","TF"
"eric boothroyd","Representative",31,"Democratic",625,"yes","Eric Boothroyd","TF"
"andrew r torbett","Representative",31,"Republican",500,"yes","Andrew Torbett","TF"
"shawn leroy lancaster","Representative",32,"Republican",500,"yes","Shawn Lancaster","TF"
"kenneth wade fredette","Representative",33,"Republican",2100,"yes","Kenneth Fredette","TF"
"michael brayson","Representative",33,"Democratic",42.54,"yes","Michael Brayson","MCEA"
"stacey kay guerin","Representative",34,"Republican",3630.65,"yes","Stacey Guerin","TF"
"james mcclymer","Representative",34,"Democratic",0,"yes","James McClymer","TF"
"james e thorne","Representative",35,"Republican",100,"yes","James Thorne","MCEA"
"debora farnham","Representative",35,"Democratic",0,"yes","Debora Farnham","MCEA"
"kimberly m haggan","Representative",36,"Republican",1000,"yes","Kimberly Haggan","MCEA"
"clifton foster","Representative",36,"Democratic",0,"yes","Clifton Foster III","MCEA"
"reagan leeann paul","Representative",37,"Republican",15275,"yes","Reagan Paul","TF"
"alan lee orcutt","Representative",37,"Democratic",950,"yes","Alan Orcutt","MCEA"
"kayla miller","Representative",38,"Democratic",900,"yes","Kayla Miller","MCEA"
"jason cherry","Representative",38,"Democratic",310,"yes","Jason Cherry (not on ballot)","TF"
"benjamin charles hymes","Representative",38,"Republican",300,"yes","Benjamin Hymes","TF"
"michael j nicholson","Representative",39,"Republican",2850,"yes","Michael Nicholson","TF"
"madison cook","Representative",39,"Democratic",1000,"yes","Madison Cook","MCEA"
"joseph milton mclaughlin","Representative",40,"Republican",1150,"yes","Joseph McLaughlin","TF"
"d michael ray","Representative",40,"Democratic",1000,"yes","Michael Ray","MCEA"
"cory raymond","Representative",41,"Republican",1070,"yes","Cory Raymond","TF"
"marcus mrowka","Representative",41,"Democratic",1070,"yes","Marcus Mrowka (not on ballot)","MCEA"
"joshua d gerritsen","Representative",41,"Democratic",1000,"yes","Joshua Gerritsen","MCEA"
"melissa byer","Representative",42,"Republican",555,"yes","Melissa Byer","TF"
"valli d geiger","Representative",42,"Democratic",0,"yes","Valli Geiger","MCEA"
"chris p austin","Representative",43,"Republican",4779.74,"yes","Christopher Austin","TF"
"rhiannon hampson","Representative",43,"Democratic",2870,"yes","Rhiannon Hampson","TF"
"michael sweeny flanagan","Representative",43,"Republican",1000,"yes","Michael Flanagan (not on ballot)","MCEA"
"peter q jenks","Representative",43,"Democratic",1000,"yes","Peter Jenks (dropped out)","MCEA"
"ray thombs","Representative",44,"Republican",8319.8,"yes","Ray Thombs","TF"
"shawn saindon","Representative",44,"Unenrolled",1013.84,"yes","Shawn Saindon (independent)","MCEA"
"brady alden clark","Representative",44,"Republican",0,"yes","Brady Clark (not on ballot)","TF"
"rebecca stephens","Representative",45,"Republican",18040,"yes","Rebecca Stephens","TF"
"clinton collamore","Representative",45,"Unenrolled",3756.18,"yes","Clinton Collamore (independent)","TF"
"jennifer mayher","Representative",46,"Democratic",1000,"yes","Jennifer Mayher","MCEA"
"kristine a poland","Representative",46,"Unenrolled",1000,"yes","Kristine Poland (independent)","MCEA"
"wayne k farrin","Representative",47,"Democratic",1000,"yes","Wayne Farrin","MCEA"
"chester b grover iii","Representative",47,"Republican",850,"yes","Chester Grover III","MCEA"
"charlotte nutt","Representative",48,"Democratic",1000,"yes","Charlotte Nutt","MCEA"
"erik hobson","Representative",48,"Republican",1000,"yes","Erik Hobson","MCEA"
"nicolas john hamlin","Representative",49,"Republican",1000,"yes","Nicolas Hamlin (not on ballot)","MCEA"
"suzanne r andresen","Representative",49,"Republican",1000,"yes","Suzanne Andresen","MCEA"
"trent vellella","Representative",49,"Democratic",925,"yes","Trent Vellella","MCEA"
"david a sinclair","Representative",50,"Democratic",0,"yes","David Sinclair","MCEA"
"jedediah j rice","Representative",50,"Republican",0,"yes","Jedediah Rice II","TF"
"annalyse sarvinas","Representative",51,"Republican",1000,"yes","Annalyse Sarvinas","MCEA"
"rafael leo macias","Representative",51,"Democratic",700,"yes","Rafael Macias","MCEA"
"louis larios","Representative",51,"Republican",0,"yes","Louis Larios (dropped out)","TF"
"sally jeane cluchey","Representative",52,"Democratic",1000,"yes","Sally Cluchey","MCEA"
"david wayne guilmette","Representative",52,"Republican",820,"yes","David Guilmette","MCEA"
"michael h lemelin","Representative",53,"Republican",2000,"yes","Michael Lemelin","TF"
"richard marc goldman","Representative",53,"Democratic",1000,"yes","Richard Goldman","MCEA"
"michelle tucker","Representative",54,"Republican",2565,"yes","Michelle Tucker","TF"
"karen l montell","Representative",54,"Democratic",1000,"yes","Karen Montell","MCEA"
"charles hippler iv","Representative",55,"Republican",3300,"yes","Charles Hippler IV","TF"
"maureen aucoin","Representative",55,"Democratic",1100,"yes","Maureen AuCoin","MCEA"
"steven butterfield","Representative",55,"Democratic",960,"yes","Steven Butterfield (not on ballot)","MCEA"
"robin uptonsukeforth","Representative",56,"Democratic",1660,"yes","Robin Upton-Sukeforth","MCEA"
"randall adam greenwood","Representative",56,"Republican",0,"yes","Randall Greenwood","MCEA"
"tavis rock hasenfus","Representative",57,"Democratic",0,"yes","Tavis Hasenfus","TF"
"david potvin","Representative",57,"Republican",0,"yes","David Potvin","TF"
"sharon c frost","Representative",58,"Unenrolled",7619.56,"yes","Sharon Frost (independent)","TF"
"jeff harris","Representative",58,"Republican",1000,"yes","Jeffrey Harris (not on ballot)","TF"
"dexter buzz bridges","Representative",58,"Republican",755,"yes","Dexter Bridges","MCEA"
"lawrence e bessey jr","Representative",58,"Republican",0,"yes","Lawrence Bessey (not on ballot)","TF"
"tom keefe","Representative",59,"Democratic",3222.5,"yes","Thomas Keefe (not on ballot)","TF"
"john reny","Representative",59,"Republican",1370,"yes","John Reny","MCEA"
"katrina couch raysaulis","Representative",59,"Democratic",980,"yes","Katrina Couch Ray-Saulis","MCEA"
"william r bridgeo","Representative",60,"Democratic",1000,"yes","William Bridgeo","MCEA"
"wyatt beaulieu","Representative",60,"Republican",21.15,"yes","Wyatt Beaulieu","MCEA"
"alicia c collins","Representative",61,"Republican",9175.12,"yes","Alicia Collins","TF"
"robin crawley","Representative",61,"Democratic",211,"yes","Robin Crawley","TF"
"katrina j smith","Representative",62,"Republican",4700,"yes","Katrina Smith","TF"
"pamela jo swift","Representative",62,"Democratic",800,"yes","Pamela Swift","MCEA"
"paul r flynn","Representative",63,"Republican",7550,"yes","Paul Flynn","TF"
"taylor west","Representative",63,"Democratic",945,"yes","Taylor West","MCEA"
"shawn michael packard","Representative",64,"Republican",3930,"yes","Shawn Packard","TF"
"flavia m debrito","Representative",64,"Democratic",523,"yes","Flavia DeBrito","MCEA"
"cassie l julia","Representative",65,"Democratic",850,"yes","Cassie Julia","MCEA"
"scott strom","Representative",65,"Republican",0,"yes","Scott Strom (dropped out)","TF"
"michael d perkins","Representative",66,"Republican",0,"yes","Michael Perkins (dropped out)","MCEA"
"alicia barnes","Representative",66,"Unenrolled",0,"yes","Alicia Barnes (independent)","MCEA"
"shawn m dixon","Representative",67,"Republican",1170,"yes","Shawn Dixon","TF"
"matthew channing townsend","Representative",67,"Democratic",1000,"yes","Matthew Townsend","MCEA"
"zachary lejonhud","Representative",68,"Unenrolled",1006,"yes","Zachary Lejonhud (independent)","MCEA"
"amanda noelle collamore","Representative",68,"Republican",0,"yes","Amanda Collamore","TF"
"jessica bonafine blanchard","Representative",69,"Democratic",650,"yes","Jessica Blanchard","MCEA"
"dean a cray","Representative",69,"Republican",500,"yes","Dean Cray","TF"
"jennifer lynn poirier","Representative",70,"Republican",1500,"yes","Jennifer Poirier","TF"
"joseph almand","Representative",70,"Democratic",955,"yes","Joseph Almand","MCEA"
"john e ducharme iii","Representative",71,"Republican",6685,"yes","John Ducharme III","TF"
"allison perkins","Representative",71,"Democratic",25,"yes","Allison Perkins (dropped out)","TF"
"douglas a thomas","Representative",72,"Republican",1000,"yes","Douglas Thomas","MCEA"
"cynthia somahernandez","Representative",72,"Democratic",900,"yes","Cynthia Soma-Hernandez","MCEA"
"mike soboleski","Representative",73,"Republican",4425,"yes","Michael Soboleski","TF"
"daniel simonds","Representative",73,"Democratic",1000,"yes","Daniel Simonds","MCEA"
"ryan morgan","Representative",73,"Republican",600,"yes","Ryan Morgan (not on ballot)","TF"
"russell john black","Representative",74,"Republican",1000,"yes","Russell Black","MCEA"
"marc edwards","Representative",74,"Democratic",380,"yes","Marc Edwards","MCEA"
"randall douglas gauvin","Representative",75,"Republican",15070,"yes","Randall Gauvin","TF"
"h scott landry","Representative",75,"Democratic",2000,"yes","Scott Landry","TF"
"sheila a lyman","Representative",76,"Republican",1000,"yes","Sheila Lyman","MCEA"
"trevor alex doiron","Representative",76,"Democratic",1000,"yes","Trevor Doiron","MCEA"
"clinton brooks","Representative",76,"Unenrolled",0,"yes","Clinton Brooks","MCEA"
"arlie hetrick jr","Representative",77,"Democratic",115,"yes","Arlie Hetrick Jr.","MCEA"
"tammy l schmersalburgess","Representative",77,"Republican",0,"yes","Tammy Schmersal-Burgess","MCEA"
"nicole bambrick","Representative",77,"Republican",0,"yes","Nicole Cummings Bambrick (dropped out)","TF"
"rachel a henderson","Representative",78,"Republican",2350,"yes","Rachel Henderson","TF"
"woodleigh h hughes","Representative",78,"Democratic",1100,"yes","Woodleigh Hughes","MCEA"
"michael j lance","Representative",79,"Republican",750,"yes","Michael Lance","TF"
"brianna lueck","Representative",79,"Democratic",170,"yes","Brianna Lueck","MCEA"
"ernest fitts iv","Representative",80,"Republican",2200,"yes","Ernest Fitts IV","TF"
"azalea cormier","Representative",80,"Unenrolled",1020,"yes","Azalea Cormier (independent)","MCEA"
"gino valeriani","Representative",80,"Republican",750,"yes","Gino Valeriani (not on ballot)","TF"
"christopher easton","Representative",81,"Democratic",1000,"yes","Christopher Easton","MCEA"
"peter conley wood","Representative",81,"Republican",350,"yes","Peter Wood","TF"
"caleb joshua ness","Representative",82,"Republican",925,"yes","Caleb Ness","MCEA"
"christopher alfred lewey","Representative",82,"Democratic",700,"yes","Christopher Lewey","MCEA"
"marygrace caroline cimino","Representative",83,"Republican",2080,"yes","Marygrace Cimino","TF"
"timothy becker","Representative",83,"Democratic",1000,"yes","Timothy Becker","MCEA"
"mark walker","Representative",84,"Republican",675,"yes","Mark Walker","TF"
"cassandra anne dove","Representative",84,"Democratic",200,"yes","Cassandra Dove","TF"
"timothy nickels","Representative",85,"Republican",2213.65,"yes","Timothy Nickels (not on ballot)","TF"
"paul welch","Representative",85,"Democratic",850,"yes","Paul Welch","MCEA"
"adrienne paul","Representative",85,"Republican",612,"yes","Adrienne Paul","MCEA"
"rolf arthur olsen jr","Representative",86,"Republican",2821.89,"yes","Rolf Olsen Jr.","TF"
"abigail geer","Representative",86,"Democratic",945,"yes","Abigail Geer","MCEA"
"david wayne boyer jr","Representative",87,"Republican",6783.7,"yes","David Boyer Jr.","TF"
"john baldwin","Representative",87,"Green",0,"yes","John Baldwin (Green, dropped out)","MCEA"
"quentin chapman","Representative",88,"Republican",3091.7,"yes","Quentin Chapman","TF"
"dana staples","Representative",88,"Democratic",1110,"yes","Dana Staples","MCEA"
"adam r lee","Representative",89,"Democratic",12760,"yes","Adam Lee","TF"
"james berube","Representative",89,"Republican",0,"yes","James Berube","TF"
"laurel libby","Representative",90,"Republican",73158.3,"yes","Laurel Libby (dropped out)","TF"
"pamela hart","Representative",90,"Democratic",700,"yes","Pamela Hart","MCEA"
"james sorcek","Representative",90,"Republican",305,"yes","James Sorcek","MCEA"
"jeffrey timberlake","Representative",91,"Republican",1201.53,"yes","Jeffrey Timberlake","TF"
"emily dingman","Representative",91,"Democratic",0,"yes","Emily Dingman (dropped out)","TF"
"scott girardin","Representative",92,"Unenrolled",0,"yes","Scott Girardin (independent)","TF"
"stephen j wood","Representative",92,"Republican",0,"yes","Stephen Wood","MCEA"
"julia a g mccabe","Representative",93,"Democratic",1170,"yes","Julia McCabe","MCEA"
"chad syphers","Representative",93,"Republican",0,"yes","Chad Syphers (dropped out)","TF"
"janet beaudoin","Representative",94,"Republican",3850,"yes","Janet Beaudoin","TF"
"scott a harriman","Representative",94,"Democratic",200,"yes","Scott Harriman","MCEA"
"kiernan innes majeruscollins","Representative",95,"Democratic",8201,"yes","Kiernan Majerus-Collins","TF"
"matthew kershaw","Representative",95,"Democratic",927.53,"yes","Matthew Kershaw (not on ballot)","MCEA"
"bret michael martel","Representative",95,"Republican",0,"yes","Bret Martel","TF"
"kerryl lee clement","Representative",96,"Republican",1000,"yes","Kerryl Clement","MCEA"
"luke jensen","Representative",96,"Democratic",85,"yes","Luke Jensen","MCEA"
"dale john crafts","Representative",97,"Republican",0,"yes","Dale Crafts","TF"
"thomas watson","Representative",97,"Democratic",0,"yes","Thomas Watson (dropped out)","MCEA"
"kilton mccarthy webb","Representative",98,"Democratic",1000,"yes","Kilton Webb","MCEA"
"william j st michel","Representative",98,"Republican",1000,"yes","William St. Michel","MCEA"
"guy m lebida","Representative",98,"Republican",500,"yes","Guy Lebida (not on ballot)","TF"
"braeden webber","Representative",99,"Republican",1000,"yes","Braeden Webber","MCEA"
"cheryl a golek","Representative",99,"Democratic",700,"yes","Cheryl Golek","MCEA"
"daniel joseph ankeles","Representative",100,"Democratic",0,"yes","Daniel Ankeles","MCEA"
"brett barrett","Representative",100,"Republican",0,"yes","Brett Barrett","TF"
"poppy t arford","Representative",101,"Democratic",658.32,"yes","Poppy Arford","MCEA"
"ravi jackson","Representative",101,"Republican",0,"yes","Ravi Jackson","TF"
"henry lawrence","Representative",102,"Republican",1450,"yes","Henry Lawrence III","TF"
"maura h pillsbury","Representative",102,"Democratic",1000,"yes","Maura Pillsbury","MCEA"
"karin orenstein","Representative",103,"Democratic",975,"yes","Karin Orenstein","MCEA"
"r melissa winslow","Representative",104,"Republican",11526.76,"yes","Melissa Winslow","TF"
"louis samuel pfeifle","Representative",104,"Unenrolled",900,"yes","Samuel Pfeifle (independent)","MCEA"
"anne p graham","Representative",105,"Democratic",600,"yes","Anne Graham","MCEA"
"susan fuller","Representative",105,"Republican",0,"yes","Susan Fuller (dropped out)","TF"
"barbara anne bagshaw","Representative",106,"Republican",1000,"yes","Barbara Bagshaw","MCEA"
"bradley youngs","Representative",106,"Democratic",990,"yes","Bradley Youngs","MCEA"
"joseph campbell","Representative",107,"Democratic",1145,"yes","Joseph Campbell","MCEA"
"mark c cooper","Representative",107,"Republican",690,"yes","Mark Cooper","MCEA"
"kelly dearborn","Representative",108,"Republican",10100,"yes","Kelly Dearborn","TF"
"parnell william terry","Representative",108,"Democratic",950,"yes","Parnell Terry","MCEA"
"diana kushnar","Representative",109,"Republican",6025,"yes","Diana Kushnar","TF"
"seven siegel","Representative",109,"Democratic",880,"yes","Seven Siegel","MCEA"
"jason lewis copp","Representative",110,"Republican",1600,"yes","Jason Copp","TF"
"christina rue cork mitchell","Representative",110,"Democratic",1000,"yes","Christina Mitchell","MCEA"
"amy d kuhn","Representative",111,"Democratic",950,"yes","Amy Kuhn","MCEA"
"sean mahoney","Representative",112,"Democratic",4075,"yes","Sean Mahoney","MCEA"
"lauren chelsea jones","Representative",112,"Republican",0,"yes","Lauren Jones","TF"
"grayson benjamin lookner","Representative",113,"Democratic",150,"yes","Grayson Lookner","MCEA"
"lisa nelthropp","Representative",113,"Republican",0,"yes","Lisa Nelthropp (dropped out)","TF"
"april fournier","Representative",114,"Democratic",1041,"yes","April Fournier","TF"
"andrew zarro","Representative",115,"Democratic",3715,"yes","Andrew Zarro","TF"
"samuel lewis zager","Representative",116,"Democratic",1000,"yes","Samuel Zager","MCEA"
"matthew moonen","Representative",117,"Democratic",750,"yes","Matthew Moonen","TF"
"yusuf muse yusuf","Representative",118,"Democratic",0,"yes","Yusuf Yusuf","TF"
"michael dixon","Representative",119,"Democratic",1532,"yes","Michael Dixon","MCEA"
"jacob murray wakem","Representative",119,"Republican",0,"yes","Jacob Wakem","TF"
"jason shedlock","Representative",120,"Democratic",39041,"yes","Jason Shedlock","TF"
"michael dougherty","Representative",120,"Republican",0,"yes","Michael Dougherty (dropped out)","TF"
"robert cameron","Representative",121,"Democratic",1050,"yes","Robert Cameron (dropped out)","TF"
"meagan smith","Representative",121,"Republican",0,"yes","Meagan Smith","MCEA"
"matthew d beck","Representative",122,"Democratic",100,"yes","Matthew Beck","TF"
"annie christy","Representative",123,"Republican",1800,"yes","Annie Christy (dropped out)","TF"
"michelle n boyer","Representative",123,"Democratic",0,"yes","Michelle Boyer","MCEA"
"eric nathanson","Representative",124,"Democratic",1060,"yes","Eric Nathanson","MCEA"
"mary shannon lindstrom","Representative",124,"Unenrolled",985,"yes","Mary Lindstrom (independent)","MCEA"
"scott doherty","Representative",124,"Republican",0,"yes","Scott Doherty","TF"
"kelly maureen noonan murphy","Representative",125,"Democratic",0,"yes","Kelly Murphy","TF"
"ethan mongue","Representative",126,"Republican",4325,"yes","Ethan Mongue","TF"
"andrew m gattine","Representative",126,"Democratic",2100,"yes","Andrew Gattine","TF"
"morgan j rielly","Representative",127,"Democratic",0,"yes","Morgan Rielly","TF"
"suzanne m salisbury","Representative",128,"Democratic",0,"yes","Suzanne Salisbury","MCEA"
"lawrence mcwilliams","Representative",128,"Unenrolled",0,"yes","Lawrence McWilliams (independent)","TF"
"marshall archer","Representative",129,"Democratic",360,"yes","Marshall Archer","TF"
"lynn holland copeland","Representative",130,"Democratic",900,"yes","Lynn Copeland","MCEA"
"todd michael davis","Representative",130,"Unenrolled",300,"yes","Todd Davis (independent)","MCEA"
"kenneth blow","Representative",131,"Unenrolled",5000,"yes","Kenneth Blow (independent)","TF"
"robert kelly","Representative",131,"Democratic",1000,"yes","Robert Kelly","MCEA"
"ryan m fecteau","Representative",132,"Democratic",140,"yes","Ryan Fecteau","TF"
"marc g malon ii","Representative",133,"Democratic",4835,"yes","Marc Malon II","TF"
"marc lessard","Representative",133,"Unenrolled",0,"yes","Marc Lessard (independent)","TF"
"allen anthony daggett","Representative",134,"Unenrolled",3600,"yes","Allen Daggett (independent)","TF"
"traci l gere","Representative",134,"Democratic",1275,"yes","Traci Gere","MCEA"
"rachel mary phipps","Representative",135,"Democratic",980,"yes","Rachel Phipps (not on ballot)","MCEA"
"lisa pratt","Representative",135,"Democratic",947,"yes","Lisa Pratt","MCEA"
"scott craig","Representative",135,"Unenrolled",700,"yes","Scott Craig (independent)","MCEA"
"john michael eder","Representative",136,"Republican",2850,"yes","John Eder","TF"
"michelle kathryn conners","Representative",136,"Democratic",0,"yes","Michelle Conners","MCEA"
"nathan m carlow","Representative",137,"Republican",2775,"yes","Nathan Carlow","TF"
"charles edward tilburg","Representative",137,"Democratic",945,"yes","Charles Tilburg","MCEA"
"jonathan l kinney","Representative",138,"Republican",2500,"yes","Jonathan Kinney","TF"
"oliver mcavoy","Representative",138,"Democratic",1045,"yes","Oliver McAvoy","MCEA"
"jamie k newton","Representative",139,"Republican",2555,"yes","Jamie Newton","TF"
"dean lepage","Representative",139,"Democratic",0,"yes","Dean LePage","MCEA"
"wayne parry","Representative",140,"Republican",6775,"yes","Wayne Parry","TF"
"kirstan watson","Representative",140,"Democratic",900,"yes","Kirstan Watson","MCEA"
"marc anthony boisse","Representative",141,"Republican",2472.72,"yes","Marc Boisse","TF"
"david roland mongeau ii","Representative",141,"Unenrolled",1000,"yes","David Mongeau II (independent)","MCEA"
"rebecca lynn flood andrews","Representative",141,"Democratic",1000,"yes","Rebecca Flood Andrews","MCEA"
"clinton phinney jr","Representative",141,"Republican",775,"yes","Clinton Phinney Jr. (not on ballot)","MCEA"
"ayn hanselmann","Representative",142,"Democratic",1160,"yes","Ayn Hanselmann","MCEA"
"gordon frohloff","Representative",142,"Republican",0,"yes","Gordon Frohloff (dropped out)","TF"
"eric h small","Representative",143,"Republican",2000,"yes","Eric Small (dropped out)","TF"
"john robert henkelman iii","Representative",143,"Democratic",1000,"yes","John Henkelman","MCEA"
"corinna cole","Representative",144,"Unenrolled",0,"yes","Corinna Cole (independent)","MCEA"
"jeff adams","Representative",144,"Republican",0,"yes","Jeffrey Adams (dropped out)","TF"
"kristin tyra davis","Representative",145,"Democratic",1000,"yes","Kristin Davis","MCEA"
"caleb joseph chase","Representative",145,"Republican",950,"yes","Caleb Chase","MCEA"
"bradley s moulton","Representative",146,"Republican",50,"yes","Bradley Moulton","MCEA"
"walter gerard jr runte","Representative",146,"Democratic",0,"yes","Walter Runte Jr.","MCEA"
"holly taylor sargent","Representative",147,"Democratic",900,"yes","Holly Sargent","MCEA"
"thomas arthur lavigne","Representative",148,"Republican",1000,"yes","Thomas Lavigne","TF"
"margaret wheeler","Representative",148,"Democratic",0,"yes","Margaret Wheeler (dropped out)","TF"
"noah cobb","Representative",148,"Unenrolled",0,"yes","Noah Cobb (independent, dropped out)","TF"
"timothy towne","Representative",149,"Republican",1100,"yes","Timothy Towne","TF"
"mallory aaren cook","Representative",149,"Democratic",1000,"yes","Mallory Cook","MCEA"
"justin tahai","Representative",149,"Unenrolled",0,"yes","Justin Tahai (independent)","TF"
"mark frederick zimmer","Representative",150,"Republican",920,"yes","Mark Zimmer","MCEA"
"alexandros orestis","Representative",150,"Democratic",875,"yes","Alexandros Orestis","MCEA"
"suzanne c johnson","Representative",151,"Republican",200,"yes","Suzanne Johnson","TF"
"kristi mathieson","Representative",151,"Democratic",0,"yes","Kristi Mathieson","MCEA"
"lucien daigle","Senator",1,"Republican",2555,"yes","Lucien Daigle","MCEA"
"vaughn j mclaughlin","Senator",1,"Democratic",1634,"yes","Vaughn McLaughlin","MCEA"
"harold hull","Senator",2,"Democratic",50,"yes","Harold Hull (dropped out)","TF"
"harold trey l iii stewart","Senator",2,"Republican",0,"yes","Harold Stewart III","MCEA"
"joel r stetkis","Senator",3,"Republican",12406.51,"yes","Joel Stetkis","TF"
"danny e costain","Senator",3,"Republican",3000,"yes","Danny Costain (not on ballot)","TF"
"stanley short jr","Senator",3,"Democratic",0,"yes","Stanley Short, Jr. (dropped out)","TF"
"joseph paul guerin","Senator",4,"Republican",6120,"yes","Joseph Guerin (not on ballot)","TF"
"chad richard perkins","Senator",4,"Republican",5974.7,"yes","Chad Perkins","TF"
"gregory pierce","Senator",4,"Republican",2250,"yes","Gregory Pierce (not on ballot)","TF"
"zachary anders wood","Senator",4,"Republican",1540,"yes","Zachary Wood (not on ballot)","MCEA"
"lisa kalp","Senator",4,"Democratic",0,"yes","Lisa Kalp","MCEA"
"robert finch sullebarger","Senator",5,"Democratic",2898.99,"yes","Robert Sullebarger","MCEA"
"elizabeth caruso","Senator",5,"Republican",1335,"yes","Elizabeth Caruso","MCEA"
"billy bob faulkingham","Senator",6,"Republican",16440,"yes","Billy Bob Faulkingham","TF"
"kenneth davis jr","Senator",6,"Republican",3000,"yes","Kenneth Davis (not on ballot)","MCEA"
"aaron dana","Senator",6,"Unenrolled",925,"yes","Aaron Dana (independent)","MCEA"
"cheryl hewes","Senator",7,"Republican",3000,"yes","Cheryl Hewes","MCEA"
"nicole c grohoski","Senator",7,"Democratic",1800,"yes","Nicole Grohoski","MCEA"
"leo christopher kenney","Senator",8,"Republican",2980,"yes","Leo Kenney","MCEA"
"michael tipping","Senator",8,"Democratic",2400,"yes","Michael Tipping","MCEA"
"amy j roeder","Senator",9,"Democratic",3100,"yes","Amy Roeder","MCEA"
"stephen carey","Senator",9,"Unenrolled",3000,"yes","Stephen Carey (independent)","MCEA"
"david g haggan","Senator",10,"Republican",3000,"yes","David Haggan","MCEA"
"kevin oconnell","Senator",10,"Democratic",551,"yes","Kevin O'Connell (dropped out)","TF"
"glenn chip curry","Senator",11,"Democratic",3045,"yes","Glenn Curry","MCEA"
"ryan christopher otis","Senator",11,"Republican",3000,"yes","Ryan Otis","MCEA"
"nicole lynn kalloch","Senator",12,"Unenrolled",1500,"yes","Nicole Kalloch (independent)","TF"
"ann higgins matlack","Senator",12,"Democratic",200,"yes","Ann Matlack","MCEA"
"roy gott","Senator",12,"Unenrolled",0,"yes","Roy Gott (independent)","MCEA"
"edwin m mitchell","Senator",13,"Unenrolled",3000,"yes","Edwin Mitchell (independent)","MCEA"
"cameron reny","Senator",13,"Democratic",200,"yes","Cameron Reny","MCEA"
"steven mcgee","Senator",14,"Republican",5000,"yes","Steven McGee","TF"
"craig v hickman","Senator",14,"Democratic",4733.34,"yes","Craig Hickman","TF"
"amanda heath","Senator",15,"Democratic",3105,"yes","Amanda Heath","MCEA"
"kati l mccormick","Senator",15,"Republican",1300,"yes","Kati McCormick","MCEA"
"scott w cyrway","Senator",16,"Republican",3000,"yes","Scott Cyrway","MCEA"
"patric moore","Senator",16,"Democratic",2905,"yes","Patric Moore","MCEA"
"richard g mason","Senator",17,"Republican",2225.5,"yes","Richard Mason","TF"
"jojean keller","Senator",17,"Democratic",1350,"yes","Jo-Jean Keller","MCEA"
"joshua morris","Senator",17,"Republican",0,"yes","Joshua Morris (dropped out)","TF"
"john andrews","Senator",18,"Republican",9604.48,"yes","John Andrews","TF"
"elizabeth d bosworth","Senator",18,"Democratic",2965,"yes","Elizabeth Bosworth","MCEA"
"joseph edward martin","Senator",19,"Republican",4100,"yes","Joseph Martin","TF"
"peter j southam","Senator",19,"Democratic",2835,"yes","Peter Southam","MCEA"
"david duguay","Senator",19,"Unenrolled",0,"yes","David Duguay (independent)","TF"
"michael r scott","Senator",20,"Democratic",2935,"yes","Michael Scott","MCEA"
"bruce bickford","Senator",20,"Republican",2885,"yes","Bruce Bickford","MCEA"
"shanna cox","Senator",21,"Democratic",19730,"yes","Shanna Cox","TF"
"mana hared abdi","Senator",21,"Democratic",2463,"yes","Mana Abdi (not on ballot)","MCEA"
"eryn soule","Senator",21,"Unenrolled",2400,"yes","Eryn Soule (independent)","MCEA"
"nathan burnett","Senator",22,"Democratic",2994.2,"yes","Nathan Burnett","MCEA"
"kimberly j pomerleau","Senator",22,"Republican",2680,"yes","Kimberly Pomerleau","MCEA"
"matthea elisabeth larsen daughtry","Senator",23,"Democratic",1050,"yes","Matthea Daughtry","TF"
"bernard robert porter","Senator",23,"Republican",700,"yes","Bernard Porter","TF"
"denise tepler","Senator",24,"Democratic",5775,"yes","Denise Tepler","MCEA"
"teresa s pierce","Senator",25,"Democratic",3400,"yes","Teresa Pierce","TF"
"kenneth james cianchette","Senator",26,"Republican",12000,"yes","Kenneth Cianchette","TF"
"peter g violette","Senator",26,"Republican",3000,"yes","Peter Violette (not on ballot)","MCEA"
"timothy e nangle","Senator",26,"Democratic",2975,"yes","Timothy Nangle","MCEA"
"jill c duson","Senator",27,"Democratic",1400,"yes","Jill Duson","MCEA"
"rachel talbot ross","Senator",28,"Democratic",0,"yes","Rachel Talbot Ross","TF"
"vincent maietta","Senator",29,"Republican",17000,"yes","Vincent Maietta","TF"
"anne carney","Senator",29,"Democratic",10405,"yes","Anne Carney","TF"
"sophia warren","Senator",30,"Democratic",3425,"yes","Sophia Warren","MCEA"
"eleanor sato","Senator",30,"Democratic",3000,"yes","Eleanor Sato (not on ballot)","MCEA"
"harry white","Senator",30,"Republican",0,"yes","Harry White (dropped out)","TF"
"donna bailey","Senator",31,"Democratic",1100,"yes","Donna Bailey","MCEA"
"garrett plummer","Senator",31,"Republican",0,"yes","Garrett Plummer","TF"
"henry l ingwersen","Senator",32,"Democratic",2400,"yes","Henry Ingwersen","MCEA"
"jason g litalien","Senator",32,"Unenrolled",1100,"yes","Jason Litalien (independent)","TF"
"matthew a harrington","Senator",33,"Republican",6425,"yes","Matthew Harrington","TF"
"mark vigliotta","Senator",33,"Democratic",3015,"yes","Mark Vigliotta","MCEA"
"daniel sayre","Senator",34,"Democratic",3055,"yes","Daniel Sayre","MCEA"
"jonathan reed fallon","Senator",34,"Republican",3044,"yes","Jonathan Fallon","MCEA"
"michele meyer","Senator",35,"Democratic",6198.57,"yes","Michele Meyer","MCEA"
"deane rykerson","Senator",35,"Democratic",3101,"yes","Deane Rykerson (not on ballot)","MCEA"
"julie nicole rakic","Senator",35,"Republican",995,"yes","Julie Rakic","MCEA"
