"candidate","tot_exp","race","district","party","show_on_page","display_name","finance_type"
"jonathan bush",2171245.01,"Governor",NA,"Republican","yes","Jonathan Bush","TF"
"angus s king iii",1617405.51,"Governor",NA,"Democratic","yes","Angus King III","TF"
"hannah pingree",1454454.32,"Governor",NA,"Democratic","yes","Hannah Pingree","TF"
"shenna bellows",1353797.44,"Governor",NA,"Democratic","yes","Shenna Bellows","TF"
"nirav shah",952852.17,"Governor",NA,"Democratic","yes","Nirav Shah","TF"
"robert b charles",910473.4,"Governor",NA,"Republican","yes","Robert Charles","TF"
"troy dale jackson",794879.88,"Governor",NA,"Democratic","yes","Troy Jackson","TF"
"richard bennett",567047.61,"Governor",NA,"Unenrolled","yes","Richard Bennett (independent)","TF"
"benjamin midgley",466561.79,"Governor",NA,"Republican","yes","Benjamin Midgley","TF"
"owen mccarthy",433371.64,"Governor",NA,"Republican","yes","Owen McCarthy","TF"
"david john jones",355286.24,"Governor",NA,"Republican","yes","David Jones","TF"
"garrett paul mason",140328.92,"Governor",NA,"Republican","yes","Garrett Paul Mason","TF"
"robert j wessels",41428.33,"Governor",NA,"Republican","yes","Robert Wessels","TF"
"derek allen levasseur",21943.65,"Governor",NA,"Unenrolled","yes","Derek Allen Levasseur (independent)","TF"
"john michael glowa sr",21618,"Governor",NA,"Unenrolled","yes","John Glowa Sr. (independent)","TF"
"w edward crockett",6433.56,"Governor",NA,"Unenrolled","yes","Edward Crockett (independent)","TF"
"austin theriault",422.08,"Representative",1,"Republican","yes","Austin Theriault","TF"
"roland daniel martin",590,"Representative",2,"Democratic","yes","Roland Martin","MCEA"
"david h mccrea",1170.78,"Representative",3,"Democratic","yes","David McCrea","MCEA"
"douglas colburn carlisle jr",950.28,"Representative",5,"Republican","yes","Douglas Carlisle Jr.","MCEA"
"jantzen stephen craine",3090.9,"Representative",7,"Republican","yes","Jantzen Craine","TF"
"matthew rush",1000,"Representative",7,"Democratic","yes","Matthew Rush","MCEA"
"daniel daley",6591.38,"Representative",10,"Republican","yes","Daniel Daley","TF"
"william r tuell",630,"Representative",10,"Republican","yes","William Tuell","MCEA"
"genevieve lemire",321.12,"Representative",10,"Democratic","yes","Genevieve Lemire","MCEA"
"russell p white",1000,"Representative",13,"Republican","yes","Russell White","MCEA"
"michael hobart cunningham ii",461.75,"Representative",13,"Democratic","yes","Michael Cunningham II","MCEA"
"holly rae eaton",530,"Representative",15,"Democratic","yes","Holly Eaton","MCEA"
"nina a milliken",964.41,"Representative",16,"Democratic","yes","Nina Milliken","MCEA"
"mathew david mcintyre",2997.8,"Representative",18,"Republican","yes","Mathew McIntyre","TF"
"richard h campbell",7232.71,"Representative",19,"Republican","yes","Richard Campbell","TF"
"david ulrich",155.04,"Representative",19,"Democratic","yes","David Ulrich","MCEA"
"dani ohalloran",997,"Representative",20,"Democratic","yes","Dani O'Halloran","MCEA"
"frank joseph casella",1000,"Representative",21,"Republican","yes","Frank Casella","MCEA"
"ambureen rana",986.92,"Representative",21,"Democratic","yes","Ambureen Rana","MCEA"
"andrew laverdiere",66.28,"Representative",21,"Republican","yes","Andrew Laverdiere","TF"
"laura danielle supica",300,"Representative",22,"Democratic","yes","Laura Supica","TF"
"victoria porter kornfield",3507.8,"Representative",23,"Democratic","yes","Victoria Kornfield","MCEA"
"katie brydon",2543.35,"Representative",23,"Democratic","yes","Katie Brydon","MCEA"
"brian ames",1430.49,"Representative",23,"Republican","yes","Brian Ames","MCEA"
"joschka winterling",224.84,"Representative",23,"Democratic","yes","Joschka Winterling","MCEA"
"sean f faircloth",16388.6,"Representative",24,"Democratic","yes","Sean Faircloth","MCEA"
"laurie osher",822.88,"Representative",25,"Democratic","yes","Laurie Osher","MCEA"
"james f dill",950,"Representative",26,"Democratic","yes","James Dill","MCEA"
"david giles",3764.89,"Representative",27,"Republican","yes","David Giles","TF"
"gordon powell street",225,"Representative",28,"Democratic","yes","Gordon Street","MCEA"
"nancy mcdowellspecial",7747.9,"Representative",29,"Democratic","yes","Nancy McDowell","MCEA"
"nancy jean theriault",1763.09,"Representative",29,"Republican","yes","Nancy Theriault","MCEA"
"james michael michaud",618.27,"Representative",29,"Republican","yes","James Michaud","TF"
"nancy mcdowell",209.55,"Representative",29,"Democratic","yes","Nancy McDowell","MCEA"
"james lee white",1143.91,"Representative",30,"Republican","yes","James White","TF"
"andrew r torbett",1070,"Representative",31,"Republican","yes","Andrew Torbett","TF"
"shawn leroy lancaster",593.27,"Representative",32,"Republican","yes","Shawn Lancaster","TF"
"kenneth wade fredette",866.3,"Representative",33,"Republican","yes","Kenneth Fredette","TF"
"stacey kay guerin",2008.22,"Representative",34,"Republican","yes","Stacey Guerin","TF"
"kimberly m haggan",1000,"Representative",36,"Republican","yes","Kimberly Haggan","MCEA"
"alan lee orcutt",1000,"Representative",37,"Democratic","yes","Alan Orcutt","MCEA"
"reagan leeann paul",493.21,"Representative",37,"Republican","yes","Reagan Paul","TF"
"kayla miller",1681.01,"Representative",38,"Democratic","yes","Kayla Miller","MCEA"
"benjamin charles hymes",509.15,"Representative",38,"Republican","yes","Benjamin Hymes","TF"
"madison cook",708.56,"Representative",39,"Democratic","yes","Madison Cook","MCEA"
"michael j nicholson",468,"Representative",39,"Republican","yes","Michael Nicholson","TF"
"d michael ray",992.23,"Representative",40,"Democratic","yes","Michael Ray","MCEA"
"joshua d gerritsen",1554.05,"Representative",41,"Democratic","yes","Joshua Gerritsen","MCEA"
"marcus mrowka",1191.96,"Representative",41,"Democratic","yes","Marcus Mrowka","MCEA"
"cory raymond",754.82,"Representative",41,"Republican","yes","Cory Raymond","TF"
"melissa byer",234.36,"Representative",42,"Republican","yes","Melissa Byer","TF"
"michael sweeny flanagan",1998.08,"Representative",43,"Republican","yes","Michael Flanagan","MCEA"
"chris p austin",1493.91,"Representative",43,"Republican","yes","Christopher Austin","TF"
"peter q jenks",1315.94,"Representative",43,"Democratic","yes","Peter Jenks (dropped out)","MCEA"
"rhiannon hampson",727.63,"Representative",43,"Democratic","yes","Rhiannon Hampson","TF"
"ray thombs",2265.24,"Representative",44,"Republican","yes","Ray Thombs","TF"
"shawn saindon",904.99,"Representative",44,"Unenrolled","yes","Shawn Saindon (independent)","MCEA"
"brady alden clark",156,"Representative",44,"Republican","yes","Brady Clark","TF"
"rebecca stephens",5510.53,"Representative",45,"Republican","yes","Rebecca Stephens","TF"
"clinton collamore",2502.97,"Representative",45,"Unenrolled","yes","Clinton Collamore (independent)","TF"
"kristine a poland",991.95,"Representative",46,"Unenrolled","yes","Kristine Poland (independent)","MCEA"
"jennifer mayher",25,"Representative",46,"Democratic","yes","Jennifer Mayher","MCEA"
"chester b grover iii",1660.79,"Representative",47,"Republican","yes","Chester Grover III","MCEA"
"wayne k farrin",1103.39,"Representative",47,"Democratic","yes","Wayne Farrin","MCEA"
"erik hobson",1251.25,"Representative",48,"Republican","yes","Erik Hobson","MCEA"
"charlotte nutt",1187.22,"Representative",48,"Democratic","yes","Charlotte Nutt","MCEA"
"trent vellella",499.68,"Representative",49,"Democratic","yes","Trent Vellella","MCEA"
"nicolas john hamlin",314.73,"Representative",49,"Republican","yes","Nicolas Hamlin","MCEA"
"suzanne r andresen",224.44,"Representative",49,"Republican","yes","Suzanne Andresen","MCEA"
"annalyse sarvinas",725,"Representative",51,"Republican","yes","Annalyse Sarvinas","MCEA"
"david wayne guilmette",1319.89,"Representative",52,"Republican","yes","David Guilmette","MCEA"
"michael h lemelin",2278.75,"Representative",53,"Republican","yes","Michael Lemelin","TF"
"richard marc goldman",1000,"Representative",53,"Democratic","yes","Richard Goldman","MCEA"
"michelle tucker",543.18,"Representative",54,"Republican","yes","Michelle Tucker","TF"
"steven butterfield",3724.68,"Representative",55,"Democratic","yes","Steven Butterfield","MCEA"
"maureen aucoin",3271.57,"Representative",55,"Democratic","yes","Maureen AuCoin","MCEA"
"charles hippler iv",664.59,"Representative",55,"Republican","yes","Charles Hippler IV","TF"
"robin uptonsukeforth",975.21,"Representative",56,"Democratic","yes","Robin Upton-Sukeforth","MCEA"
"dexter buzz bridges",1893,"Representative",58,"Republican","yes","Dexter Bridges","MCEA"
"sharon c frost",703.65,"Representative",58,"Unenrolled","yes","Sharon Frost (independent)","TF"
"jeff harris",34.27,"Representative",58,"Republican","yes","Jeffrey Harris","TF"
"tom keefe",3715.97,"Representative",59,"Democratic","yes","Thomas Keefe","TF"
"katrina couch raysaulis",1656.54,"Representative",59,"Democratic","yes","Katrina Couch Ray-Saulis","MCEA"
"john reny",250,"Representative",59,"Republican","yes","John Reny","MCEA"
"william r bridgeo",996,"Representative",60,"Democratic","yes","William Bridgeo","MCEA"
"wyatt beaulieu",456.85,"Representative",60,"Republican","yes","Wyatt Beaulieu","MCEA"
"alicia c collins",6113.99,"Representative",61,"Republican","yes","Alicia Collins","TF"
"pamela jo swift",819,"Representative",62,"Democratic","yes","Pamela Swift","MCEA"
"katrina j smith",723.06,"Representative",62,"Republican","yes","Katrina Smith","TF"
"paul r flynn",4358.23,"Representative",63,"Republican","yes","Paul Flynn","TF"
"taylor west",222.47,"Representative",63,"Democratic","yes","Taylor West","MCEA"
"shawn michael packard",2081.13,"Representative",64,"Republican","yes","Shawn Packard","TF"
"flavia m debrito",94.5,"Representative",64,"Democratic","yes","Flavia DeBrito","MCEA"
"cassie l julia",871.45,"Representative",65,"Democratic","yes","Cassie Julia","MCEA"
"michael d perkins",600,"Representative",66,"Republican","yes","Michael Perkins","MCEA"
"matthew channing townsend",1134.71,"Representative",67,"Democratic","yes","Matthew Townsend","MCEA"
"shawn m dixon",510,"Representative",67,"Republican","yes","Shawn Dixon","TF"
"zachary lejonhud",692.3,"Representative",68,"Unenrolled","yes","Zachary Lejonhud (independent)","MCEA"
"amanda noelle collamore",62.26,"Representative",68,"Republican","yes","Amanda Collamore","TF"
"dean a cray",748.78,"Representative",69,"Republican","yes","Dean Cray","TF"
"joseph almand",138.02,"Representative",70,"Democratic","yes","Joseph Almand","MCEA"
"jennifer lynn poirier",134.46,"Representative",70,"Republican","yes","Jennifer Poirier","TF"
"john e ducharme iii",859.02,"Representative",71,"Republican","yes","John Ducharme III","TF"
"douglas a thomas",1346.35,"Representative",72,"Republican","yes","Douglas Thomas","MCEA"
"cynthia somahernandez",31.2,"Representative",72,"Democratic","yes","Cynthia Soma-Hernandez","MCEA"
"daniel simonds",1000,"Representative",73,"Democratic","yes","Daniel Simonds","MCEA"
"ryan morgan",545,"Representative",73,"Republican","yes","Ryan Morgan","TF"
"mike soboleski",392.8,"Representative",73,"Republican","yes","Michael Soboleski","TF"
"russell john black",1068,"Representative",74,"Republican","yes","Russell Black","MCEA"
"randall douglas gauvin",1760.56,"Representative",75,"Republican","yes","Randall Gauvin","TF"
"h scott landry",180.83,"Representative",75,"Democratic","yes","Scott Landry","TF"
"trevor alex doiron",451.7,"Representative",76,"Democratic","yes","Trevor Doiron","MCEA"
"woodleigh h hughes",1850,"Representative",78,"Democratic","yes","Woodleigh Hughes","MCEA"
"brianna lueck",792.04,"Representative",79,"Democratic","yes","Brianna Lueck","MCEA"
"ernest fitts iv",1710.16,"Representative",80,"Republican","yes","Ernest Fitts IV","TF"
"gino valeriani",1283.71,"Representative",80,"Republican","yes","Gino Valeriani","TF"
"azalea cormier",1000,"Representative",80,"Unenrolled","yes","Azalea Cormier (independent)","MCEA"
"christopher easton",460.35,"Representative",81,"Democratic","yes","Christopher Easton","MCEA"
"caleb joshua ness",1187.77,"Representative",82,"Republican","yes","Caleb Ness","MCEA"
"christopher alfred lewey",120.86,"Representative",82,"Democratic","yes","Christopher Lewey","MCEA"
"timothy becker",795.05,"Representative",83,"Democratic","yes","Timothy Becker","MCEA"
"mark walker",1298.62,"Representative",84,"Republican","yes","Mark Walker","TF"
"adrienne paul",4336.82,"Representative",85,"Republican","yes","Adrienne Paul","MCEA"
"timothy nickels",2565.42,"Representative",85,"Republican","yes","Timothy Nickels","TF"
"paul welch",34,"Representative",85,"Democratic","yes","Paul Welch","MCEA"
"rolf arthur olsen jr",1229.47,"Representative",86,"Republican","yes","Rolf Olsen Jr.","TF"
"abigail geer",141.04,"Representative",86,"Democratic","yes","Abigail Geer","MCEA"
"david wayne boyer jr",13716.21,"Representative",87,"Republican","yes","David Boyer Jr.","TF"
"quentin chapman",1789.89,"Representative",88,"Republican","yes","Quentin Chapman","TF"
"dana staples",345.21,"Representative",88,"Democratic","yes","Dana Staples","MCEA"
"adam r lee",6007.85,"Representative",89,"Democratic","yes","Adam Lee","TF"
"laurel libby",67238.91,"Representative",90,"Republican","yes","Laurel Libby (dropped out)","TF"
"pamela hart",395,"Representative",90,"Democratic","yes","Pamela Hart","MCEA"
"james sorcek",131.59,"Representative",90,"Republican","yes","James Sorcek","MCEA"
"jeffrey timberlake",136.6,"Representative",91,"Republican","yes","Jeffrey Timberlake","TF"
"scott a harriman",1031.02,"Representative",94,"Democratic","yes","Scott Harriman","MCEA"
"kiernan innes majeruscollins",23487.54,"Representative",95,"Democratic","yes","Kiernan Majerus-Collins","TF"
"matthew kershaw",311,"Representative",95,"Democratic","yes","Matthew Kershaw","MCEA"
"kerryl lee clement",999.63,"Representative",96,"Republican","yes","Kerryl Clement","MCEA"
"william j st michel",1690.42,"Representative",98,"Republican","yes","William St. Michel","MCEA"
"kilton mccarthy webb",1121.15,"Representative",98,"Democratic","yes","Kilton Webb","MCEA"
"cheryl a golek",690.09,"Representative",99,"Democratic","yes","Cheryl Golek","MCEA"
"daniel joseph ankeles",975.88,"Representative",100,"Democratic","yes","Daniel Ankeles","MCEA"
"maura h pillsbury",997.44,"Representative",102,"Democratic","yes","Maura Pillsbury","MCEA"
"henry lawrence",16.84,"Representative",102,"Republican","yes","Henry Lawrence III","TF"
"karin orenstein",999.88,"Representative",103,"Democratic","yes","Karin Orenstein","MCEA"
"r melissa winslow",2606.08,"Representative",104,"Republican","yes","Melissa Winslow","TF"
"louis samuel pfeifle",893.28,"Representative",104,"Unenrolled","yes","Samuel Pfeifle (independent)","MCEA"
"bradley youngs",1630.34,"Representative",106,"Democratic","yes","Bradley Youngs","MCEA"
"barbara anne bagshaw",27.41,"Representative",106,"Republican","yes","Barbara Bagshaw","MCEA"
"joseph campbell",831,"Representative",107,"Democratic","yes","Joseph Campbell","MCEA"
"mark c cooper",690,"Representative",107,"Republican","yes","Mark Cooper","MCEA"
"seven siegel",1000,"Representative",109,"Democratic","yes","Seven Siegel","MCEA"
"diana kushnar",591.5,"Representative",109,"Republican","yes","Diana Kushnar","TF"
"amy d kuhn",1011,"Representative",111,"Democratic","yes","Amy Kuhn","MCEA"
"sean mahoney",1000,"Representative",112,"Democratic","yes","Sean Mahoney","MCEA"
"april fournier",26.47,"Representative",114,"Democratic","yes","April Fournier","TF"
"andrew zarro",103.79,"Representative",115,"Democratic","yes","Andrew Zarro","TF"
"samuel lewis zager",1025.15,"Representative",116,"Democratic","yes","Samuel Zager","MCEA"
"matthew moonen",2915,"Representative",117,"Democratic","yes","Matthew Moonen","TF"
"michael dixon",679.24,"Representative",119,"Democratic","yes","Michael Dixon","MCEA"
"jason shedlock",20556.19,"Representative",120,"Democratic","yes","Jason Shedlock","TF"
"matthew d beck",4662.14,"Representative",122,"Democratic","yes","Matthew Beck","TF"
"mary shannon lindstrom",998.29,"Representative",124,"Unenrolled","yes","Mary Lindstrom (independent)","MCEA"
"eric nathanson",290.98,"Representative",124,"Democratic","yes","Eric Nathanson","MCEA"
"ethan mongue",2086.2,"Representative",126,"Republican","yes","Ethan Mongue","TF"
"suzanne m salisbury",611.5,"Representative",128,"Democratic","yes","Suzanne Salisbury","TF"
"marshall archer",7654.83,"Representative",129,"Democratic","yes","Marshall Archer","TF"
"robert kelly",1099.4,"Representative",131,"Democratic","yes","Robert Kelly","MCEA"
"ryan m fecteau",1324.19,"Representative",132,"Democratic","yes","Ryan Fecteau","TF"
"marc g malon ii",420.06,"Representative",133,"Democratic","yes","Marc Malon II","TF"
"allen anthony daggett",1679.28,"Representative",134,"Unenrolled","yes","Allen Daggett (independent)","TF"
"rachel mary phipps",3291.16,"Representative",135,"Democratic","yes","Rachel Phipps","MCEA"
"lisa pratt",2209.86,"Representative",135,"Democratic","yes","Lisa Pratt","MCEA"
"scott craig",700,"Representative",135,"Unenrolled","yes","Scott Craig (independent)","MCEA"
"nathan m carlow",1076.76,"Representative",137,"Republican","yes","Nathan Carlow","TF"
"charles edward tilburg",756.54,"Representative",137,"Democratic","yes","Charles Tilburg","MCEA"
"oliver mcavoy",955.48,"Representative",138,"Democratic","yes","Oliver McAvoy","MCEA"
"jonathan l kinney",509.61,"Representative",138,"Republican","yes","Jonathan Kinney","TF"
"jamie k newton",1369.2,"Representative",139,"Republican","yes","Jamie Newton","TF"
"wayne parry",9856.65,"Representative",140,"Republican","yes","Wayne Parry","TF"
"kirstan watson",732.03,"Representative",140,"Democratic","yes","Kirstan Watson","MCEA"
"marc anthony boisse",3661.53,"Representative",141,"Republican","yes","Marc Boisse","TF"
"david roland mongeau ii",942.56,"Representative",141,"Unenrolled","yes","David Mongeau II (independent)","MCEA"
"rebecca lynn flood andrews",513.91,"Representative",141,"Democratic","yes","Rebecca Flood Andrews","MCEA"
"clinton phinney jr",300,"Representative",141,"Republican","yes","Clinton Phinney Jr.","MCEA"
"ayn hanselmann",796.81,"Representative",142,"Democratic","yes","Ayn Hanselmann","MCEA"
"john robert henkelman iii",1030.17,"Representative",143,"Democratic","yes","John Henkelman","MCEA"
"corinna cole",49.25,"Representative",144,"Unenrolled","yes","Corinna Cole (independent)","MCEA"
"kristin tyra davis",1448.05,"Representative",145,"Democratic","yes","Kristin Davis","MCEA"
"caleb joseph chase",1084.79,"Representative",145,"Republican","yes","Caleb Chase","MCEA"
"holly taylor sargent",890.37,"Representative",147,"Democratic","yes","Holly Sargent","MCEA"
"alexandros orestis",782.9,"Representative",150,"Democratic","yes","Alexandros Orestis","MCEA"
"mark frederick zimmer",193.58,"Representative",150,"Republican","yes","Mark Zimmer","MCEA"
"vaughn j mclaughlin",1764.89,"Senator",1,"Democratic","yes","Vaughn McLaughlin","MCEA"
"joel r stetkis",3813.6,"Senator",3,"Republican","yes","Joel Stetkis","TF"
"danny e costain",2975.35,"Senator",3,"Republican","yes","Danny Costain","TF"
"chad richard perkins",7570.69,"Senator",4,"Republican","yes","Chad Perkins","TF"
"joseph paul guerin",3388.62,"Senator",4,"Republican","yes","Joseph Guerin","TF"
"gregory pierce",2702.25,"Senator",4,"Republican","yes","Gregory Pierce","TF"
"zachary anders wood",2506.29,"Senator",4,"Republican","yes","Zachary Wood","MCEA"
"elizabeth caruso",2937.86,"Senator",5,"Republican","yes","Elizabeth Caruso","TF"
"robert finch sullebarger",2898.97,"Senator",5,"Democratic","yes","Robert Sullebarger","MCEA"
"billy bob faulkingham",4271.13,"Senator",6,"Republican","yes","Billy Faulkingham","TF"
"aaron dana",863.17,"Senator",6,"Unenrolled","yes","Aaron Dana (independent)","MCEA"
"cheryl hewes",5093.24,"Senator",7,"Republican","yes","Cheryl Hewes","MCEA"
"nicole c grohoski",1823.44,"Senator",7,"Democratic","yes","Nicole Grohoski","MCEA"
"leo christopher kenney",3473.45,"Senator",8,"Republican","yes","Leo Kenney","MCEA"
"michael tipping",3095,"Senator",8,"Democratic","yes","Michael Tipping","MCEA"
"amy j roeder",3113.28,"Senator",9,"Democratic","yes","Amy Roeder","MCEA"
"stephen carey",2093.49,"Senator",9,"Unenrolled","yes","Stephen Carey (independent)","MCEA"
"david g haggan",3000,"Senator",10,"Republican","yes","David Haggan","MCEA"
"glenn chip curry",5027.94,"Senator",11,"Democratic","yes","Glenn Curry","MCEA"
"ryan christopher otis",4606,"Senator",11,"Republican","yes","Ryan Otis","MCEA"
"edwin m mitchell",2293.18,"Senator",13,"Unenrolled","yes","Edwin Mitchell (independent)","MCEA"
"cameron reny",193.37,"Senator",13,"Democratic","yes","Cameron Reny","MCEA"
"craig v hickman",6024.37,"Senator",14,"Democratic","yes","Craig Hickman","TF"
"kati l mccormick",2481.46,"Senator",15,"Republican","yes","Kati McCormick","MCEA"
"amanda heath",1096.98,"Senator",15,"Democratic","yes","Amanda Heath","MCEA"
"scott w cyrway",2966.39,"Senator",16,"Republican","yes","Scott Cyrway","MCEA"
"patric moore",37.34,"Senator",16,"Democratic","yes","Patric Moore","MCEA"
"joshua morris",4683.43,"Senator",17,"Republican","yes","Joshua Morris (dropped out)","TF"
"jojean keller",988.29,"Senator",17,"Democratic","yes","Jo-Jean Keller","MCEA"
"richard g mason",950,"Senator",17,"Republican","yes","Richard Mason","TF"
"john andrews",3448.09,"Senator",18,"Republican","yes","John Andrews","TF"
"elizabeth d bosworth",2964.5,"Senator",18,"Democratic","yes","Elizabeth Bosworth","MCEA"
"peter j southam",1298.66,"Senator",19,"Democratic","yes","Peter Southam","MCEA"
"michael r scott",3422,"Senator",20,"Democratic","yes","Michael Scott","MCEA"
"bruce bickford",3095,"Senator",20,"Republican","yes","Bruce Bickford","MCEA"
"shanna cox",10607.06,"Senator",21,"Democratic","yes","Shanna Cox","TF"
"mana hared abdi",4355.35,"Senator",21,"Democratic","yes","Mana Abdi","TF"
"eryn soule",803.77,"Senator",21,"Unenrolled","yes","Eryn Soule (independent)","MCEA"
"kimberly j pomerleau",4910.74,"Senator",22,"Republican","yes","Kimberly Pomerleau","MCEA"
"nathan burnett",1120.2,"Senator",22,"Democratic","yes","Nathan Burnett","MCEA"
"matthea elisabeth larsen daughtry",3281.3,"Senator",23,"Democratic","yes","Matthea Daughtry","TF"
"denise tepler",2871.58,"Senator",24,"Democratic","yes","Denise Tepler","MCEA"
"teresa s pierce",39.5,"Senator",25,"Democratic","yes","Teresa Pierce","TF"
"peter g violette",7312.8,"Senator",26,"Republican","yes","Peter Violette","MCEA"
"timothy e nangle",851.07,"Senator",26,"Democratic","yes","Timothy Nangle","MCEA"
"jill c duson",1430.7,"Senator",27,"Democratic","yes","Jill Duson","MCEA"
"vincent maietta",15000,"Senator",29,"Republican","yes","Vincent Maietta","TF"
"anne carney",0.2,"Senator",29,"Democratic","yes","Anne Carney","TF"
"eleanor sato",10809.78,"Senator",30,"Democratic","yes","Eleanor Sato","MCEA"
"sophia warren",5552.76,"Senator",30,"Democratic","yes","Sophia Warren","MCEA"
"donna bailey",731.46,"Senator",31,"Democratic","yes","Donna Bailey","MCEA"
"henry l ingwersen",4017.52,"Senator",32,"Democratic","yes","Henry Ingwersen","MCEA"
"jason g litalien",583.45,"Senator",32,"Unenrolled","yes","Jason Litalien (independent)","TF"
"matthew a harrington",3725.14,"Senator",33,"Republican","yes","Matthew Harrington","TF"
"mark vigliotta",1179.66,"Senator",33,"Democratic","yes","Mark Vigliotta","MCEA"
"jonathan reed fallon",4163.15,"Senator",34,"Republican","yes","Jonathan Fallon","MCEA"
"daniel sayre",1648.16,"Senator",34,"Democratic","yes","Daniel Sayre","MCEA"
"deane rykerson",8332.66,"Senator",35,"Democratic","yes","Deane Rykerson","MCEA"
"michele meyer",2034.8,"Senator",35,"Democratic","yes","Michele Meyer","MCEA"
"julie nicole rakic",878.81,"Senator",35,"Republican","yes","Julie Rakic","MCEA"
