candidate,final_display_name
aaron dana,Aaron Dana (independent)
abigail geer,Abigail Geer
adam r lee,Adam Lee
adam shaw,Adam Shaw (independent)
adrienne paul,Adrienne Paul
alan lee orcutt,Alan Orcutt
alexandros orestis,Alexandros Orestis
alicia barnes,Alicia Barnes (independent)
alicia c collins,Alicia Collins
allen anthony daggett,Allen Daggett (independent)
allison perkins,Allison Perkins (dropped out)
amanda heath,Amanda Heath
amanda noelle collamore,Amanda Collamore
ambureen rana,Ambureen Rana
amy d kuhn,Amy Kuhn
amy j roeder,Amy Roeder
andrew laverdiere,Andrew Laverdiere (not on ballot)
andrew m gattine,Andrew Gattine
andrew parker,"Andrew Parker (independent, not on ballot)"
andrew r torbett,Andrew Torbett
andrew zarro,Andrew Zarro
angus s king iii,Angus King III (not on ballot)
ann higgins matlack,Ann Matlack
annalyse sarvinas,Annalyse Sarvinas
anne carney,Anne Carney
anne p graham,Anne Graham
annie christy,Annie Christy (dropped out)
anthony m weaver,Anthony Weaver
april fournier,April Fournier
arlie hetrick jr,Arlie Hetrick Jr.
arthur k mingo,Arthur Mingo
austin theriault,Austin Theriault
ayn hanselmann,Ayn Hanselmann
azalea cormier,Azalea Cormier (independent)
barbara anne bagshaw,Barbara Bagshaw
benjamin charles hymes,Benjamin Hymes
benjamin midgley,Benjamin Midgley (not on ballot)
bernard robert porter,Bernard Porter
billy bob faulkingham,Billy Bob Faulkingham
bradley s moulton,Bradley Moulton
bradley youngs,Bradley Youngs
brady alden clark,Brady Clark (not on ballot)
braeden webber,Braeden Webber
bret michael martel,Bret Martel
brett barrett,Brett Barrett
brian ames,Brian Ames
brianna lueck,Brianna Lueck
bruce archer,Bruce Archer (dropped out)
bruce bickford,Bruce Bickford
caleb joseph chase,Caleb Chase
caleb joshua ness,Caleb Ness
cameron reny,Cameron Reny
cassandra anne dove,Cassandra Dove
cassie l julia,Cassie Julia
chad richard perkins,Chad Perkins
chad syphers,Chad Syphers (dropped out)
charles edward tilburg,Charles Tilburg
charles hippler iv,Charles Hippler IV
charlotte nutt,Charlotte Nutt
cheryl a golek,Cheryl Golek
cheryl hewes,Cheryl Hewes
chester b grover iii,Chester Grover III
chris p austin,Christopher Austin
christina rue cork mitchell,Christina Mitchell
christopher alfred lewey,Christopher Lewey
christopher easton,Christopher Easton
clifford noyes,Clifford Noyes
clifton foster,Clifton Foster III
clinton  brooks,Clinton Brooks (independent)
clinton collamore,Clinton Collamore (independent)
clinton phinney jr,Clinton Phinney Jr. (not on ballot)
colleen t oneal,Colleen O'Neal
corinna cole,Corinna Cole (independent)
cory raymond,Cory Raymond
craig v hickman,Craig Hickman
cynthia somahernandez,Cynthia Soma-Hernandez
d michael ray,Michael Ray
dale john crafts,Dale Crafts
dana appleby,Dana Appleby (dropped out)
dana marie appleby,Dana Appleby (dropped out)
dana staples,Dana Staples
dani ohalloran,Dani O'Halloran
daniel daley,Daniel Daley (not on ballot)
daniel joseph ankeles,Daniel Ankeles
daniel sayre,Daniel Sayre
daniel simonds,Daniel Simonds
danny e costain,Danny Costain (not on ballot)
david a sinclair,David Sinclair
david duguay,David Duguay (independent)
david g haggan,David Haggan
david giles,David Giles
david h mccrea,David McCrea
david john jones,David Jones (not on ballot)
david potvin,David Potvin
david roland mongeau ii,David Mongeau II (independent)
david ulrich,David Ulrich
david wayne boyer jr,David Boyer Jr.
david wayne guilmette,David Guilmette
dean a cray,Dean Cray
dean lepage,Dean LePage
deane rykerson,Deane Rykerson (not on ballot)
debora farnham,Debora Farnham
denise tepler,Denise Tepler
derek allen levasseur,"Derek Allen Levasseur (independent, not on ballot)"
devan arnold,Devan Arnold
dexter buzz bridges,Dexter Bridges
diana kushnar,Diana Kushnar
donald james ardell,Donald Ardell
donna bailey,Donna Bailey
douglas a thomas,Douglas Thomas
douglas colburn carlisle jr,Douglas Carlisle Jr.
edward l paradis,Edward Paradis (dropped out)
edward mathias kamin iii,Edward Mathias Kamin III
edwin m mitchell,Edwin Mitchell (independent)
eleanor sato,Eleanor Sato (not on ballot)
elizabeth caruso,Elizabeth Caruso
elizabeth d bosworth,Elizabeth Bosworth
emily dingman,Emily Dingman (dropped out)
eric boothroyd,Eric Boothroyd
eric h small,Eric Small (dropped out)
eric nathanson,Eric Nathanson
eric white,Eric White
erik hobson,Erik Hobson
ernest fitts iv,Ernest Fitts IV
eryn soule,Eryn Soule (independent)
ethan mongue,Ethan Mongue
flavia m debrito,Flavia DeBrito
frank joseph casella,Frank Casella
garrett paul mason,Garrett Paul Mason (not on ballot)
garrett plummer,Garrett Plummer
gary friedmann,Gary Friedmann
gary gene runnells jr,"Gary Gene Runnells, Jr."
genevieve lemire,Genevieve Lemire
gino valeriani,Gino Valeriani (not on ballot)
glenn chip curry,Glenn Curry
gordon frohloff,Gordon Frohloff (dropped out)
gordon powell street,Gordon Street
grayson benjamin lookner,Grayson Lookner
gregory pierce,Gregory Pierce (not on ballot)
guy m lebida,Guy Lebida (not on ballot)
h scott landry,Scott Landry
hannah pingree,Hannah Pingree
harold hull,Harold Hull (dropped out)
harold trey l iii stewart,Harold Stewart III
harry white,Harry White (dropped out)
henry l ingwersen,Henry Ingwersen
henry lawrence,Henry Lawrence III
holly rae eaton,Holly Eaton
holly taylor sargent,Holly Sargent
irene a gifford,Irene Gifford
jack mccarthy,Jack McCarthy (not on ballot)
jacob murray wakem,Jacob Wakem
james berube,James Berube
james e thorne,James Thorne
james f dill,James Dill
james lee white,James White
james libby,James Libby (not on ballot)
james mcclymer,James McClymer
james michael michaud,James Michaud (not on ballot)
james sorcek,James Sorcek
jamie k newton,Jamie Newton
janet beaudoin,Janet Beaudoin
jantzen stephen craine,Jantzen Craine
jason cherry,Jason Cherry (not on ballot)
jason g litalien,Jason Litalien (independent)
jason lewis copp,Jason Copp
jason shedlock,Jason Shedlock
jean donovan,Jean Donovan (dropped out)
jedediah j rice,Jedediah Rice II
jeff adams,Jeffrey Adams (dropped out)
jeff harris,Jeffrey Harris (not on ballot)
jeff timberlake,Jeffrey Timberlake
jeffrey harris,Jeffrey Harris (not on ballot)
jeffrey timberlake,Jeffrey Timberlake
jennifer lynn poirier,Jennifer Poirier
jennifer mayher,Jennifer Mayher
jessica bonafine blanchard,Jessica Blanchard
jill c duson,Jill Duson
joel r stetkis,Joel Stetkis
john andrews,John Andrews
john baldwin,"John Baldwin (Green, dropped out)"
john e ducharme iii,John Ducharme III
john j contreni jr,"John Contreni, Jr."
john michael eder,John Eder
john michael glowa sr,"John Glowa Sr. (independent, not on ballot)"
john reny,John Reny
john robert henkelman iii,John Henkelman
jojean keller,Jo-Jean Keller
jonathan bush,Jonathan Bush (not on ballot)
jonathan goble,Jonathan Goble
jonathan l kinney,Jonathan Kinney
jonathan reed fallon,Jonathan Fallon
joschka winterling,Joschka Winterling (not on ballot)
joseph almand,Joseph Almand
joseph campbell,Joseph Campbell
joseph edward martin,Joseph Martin
joseph m baldacci,Joseph Baldacci
joseph milton mclaughlin,Joseph McLaughlin
joseph paul guerin,Joseph Guerin (not on ballot)
joshua d gerritsen,Joshua Gerritsen
joshua morris,Joshua Morris (dropped out)
julia a g mccabe,Julia McCabe
julie nicole rakic,Julie Rakic
justin tahai,Justin Tahai (independent)
karen l montell,Karen Montell
karin orenstein,Karin Orenstein
kati l mccormick,Kati McCormick
katie brydon,Katie Brydon (not on ballot)
katrina couch raysaulis,Katrina Couch Ray-Saulis
katrina j smith,Katrina Smith
kayla miller,Kayla Miller
keith newman,Keith Newman
kelly dearborn,Kelly Dearborn
kelly maureen noonan murphy,Kelly Murphy
kenneth a capron,Kenneth A. Capron
kenneth blow,Kenneth Blow (independent)
kenneth davis jr,Kenneth Davis (not on ballot)
kenneth james cianchette,Kenneth Cianchette
kenneth wade fredette,Kenneth Fredette
kerryl lee clement,Kerryl Clement
kevin oconnell,Kevin O'Connell (dropped out)
kiernan i majeruscollins special,Kiernan I. Majerus-Collins (Special)
kiernan innes majeruscollins,Kiernan Majerus-Collins
kilton mccarthy webb,Kilton Webb
kimberly j pomerleau,Kimberly Pomerleau
kimberly m haggan,Kimberly Haggan
kirstan watson,Kirstan Watson
kristi mathieson,Kristi Mathieson
kristin tyra davis,Kristin Davis
kristine a poland,Kristine Poland (independent)
laura danielle supica,Laura Supica
laurel libby,Laurel Libby (dropped out)
lauren chelsea jones,Lauren Jones
laurie osher,Laurie Osher
lawrence e bessey jr,Lawrence Bessey (not on ballot)
lawrence mcwilliams,Lawrence McWilliams (independent)
leo christopher kenney,Leo Kenney
lisa kalp,Lisa Kalp
lisa nelthropp,Lisa Nelthropp (dropped out)
lisa pratt,Lisa Pratt
louis larios,Louis Larios (dropped out)
louis samuel pfeifle,Samuel Pfeifle (independent)
lucien daigle,Lucien Daigle
luke jensen,Luke Jensen
lynn holland copeland,Lynn Copeland
madison cook,Madison Cook
mallory aaren cook,Mallory Cook
mana hared abdi,Mana Abdi (not on ballot)
marc anthony boisse,Marc Boisse
marc edwards,Marc Edwards
marc g malon ii,Marc Malon II
marc lessard,Marc Lessard (independent)
marcus mrowka,Marcus Mrowka (not on ballot)
margaret wheeler,Margaret Wheeler (dropped out)
mark c cooper,Mark Cooper
mark frederick zimmer,Mark Zimmer
mark vigliotta,Mark Vigliotta
mark walker,Mark Walker
marshall archer,Marshall Archer
mary shannon lindstrom,Mary Lindstrom (independent)
marygrace caroline cimino,Marygrace Cimino
mathew david mcintyre,Mathew McIntyre
matthea elisabeth larsen daughtry,Matthea Daughtry
matthew a harrington,Matthew Harrington
matthew channing townsend,Matthew Townsend
matthew d beck,Matthew Beck
matthew kershaw,Matthew Kershaw (not on ballot)
matthew moonen,Matthew Moonen
matthew rush,Matthew Rush
maura h pillsbury,Maura Pillsbury
maureen aucoin,Maureen AuCoin
meagan smith,Meagan Smith
melanie ann tompkins,Melanie Tompkins
melissa byer,Melissa Byer
michael brayson,Michael Brayson
michael d perkins,Michael Perkins (dropped out)
michael dixon,Michael Dixon
michael dougherty,Michael Dougherty (dropped out)
michael h lemelin,Michael Lemelin
michael hobart cunningham ii,Michael Cunningham II
michael j lance,Michael Lance
michael j nicholson,Michael Nicholson
michael r scott,Michael Scott
michael sweeny flanagan,Michael Flanagan (not on ballot)
michael tipping,Michael Tipping
michele meyer,Michele Meyer
michelle kathryn conners,Michelle Conners
michelle n boyer,Michelle Boyer
michelle tucker,Michelle Tucker
mike soboleski,Michael Soboleski
morgan j rielly,Morgan Rielly
nancy jean theriault,Nancy Theriault
nancy mcdowell,Nancy McDowell
nancy mcdowellspecial,Nancy McDowell (special election)
nancy theriault  special,Nancy Theriault (special election)
nancy theriaultspecial,Nancy Theriault (special election)
nathan burnett,Nathan Burnett
nathan m carlow,Nathan Carlow
nicolas john hamlin,Nicolas Hamlin (not on ballot)
nicole bambrick,Nicole Cummings Bambrick (dropped out)
nicole c grohoski,Nicole Grohoski
nicole lynn kalloch,Nicole Kalloch (independent)
nicole richards,Nicole Richards
nina a milliken,Nina Milliken
nirav shah,Nirav Shah (not on ballot)
noah cobb,Noah Cobb (independent, dropped out)
oliver mcavoy,Oliver McAvoy
owen mccarthy,Owen McCarthy (not on ballot)
pamela hart,Pamela Hart
pamela jo swift,Pamela Swift
parnell william terry,Parnell Terry
patric moore,Patric Moore
patrick a jude,Patrick Jude
paul r flynn,Paul Flynn
paul welch,Paul Welch
peter conley wood,Peter Wood
peter g violette,Peter Violette (not on ballot)
peter j southam,Peter Southam
peter q jenks,Peter Jenks (dropped out)
poppy t arford,Poppy Arford
quentin chapman,Quentin Chapman
r melissa winslow,Melissa Winslow
rachel a henderson,Rachel Henderson
rachel mary phipps,Rachel Phipps (not on ballot)
rachel talbot ross,Rachel Talbot Ross
rafael leo macias,Rafael Macias
randall adam greenwood,Randall Greenwood
randall douglas gauvin,Randall Gauvin
ravi jackson,Ravi Jackson
ray thombs,Ray Thombs
reagan leeann paul,Reagan Paul
rebecca lynn flood andrews,Rebecca Flood Andrews
rebecca stephens,Rebecca Stephens
rhiannon hampson,Rhiannon Hampson
richard bennett,Richard Bennett (independent)
richard g mason,Richard Mason
richard h campbell,Richard Campbell
richard marc goldman,Richard Goldman
richard mason,Richard Mason
robert b charles,Robert Charles
robert cameron,Robert Cameron (dropped out)
robert finch sullebarger,Robert Sullebarger
robert j wessels,Robert Wessels (not on ballot)
robert kelly,Robert Kelly
robin crawley,Robin Crawley
robin uptonsukeforth,Robin Upton-Sukeforth
roger clarence albert,Roger Albert
roland daniel martin,Roland Martin
rolf arthur olsen jr,Rolf Olsen Jr.
ronald b russell,Ronald Russell
roy gott,Roy Gott (independent)
russell john black,Russell Black
russell p white,Russell White
ryan christopher otis,Ryan Otis
ryan m fecteau,Ryan Fecteau
ryan morgan,Ryan Morgan (not on ballot)
sally jeane cluchey,Sally Cluchey
samuel lewis zager,Samuel Zager
scott a harriman,Scott Harriman
scott a harriman special,Scott A. Harriman (Special)
scott craig,Scott Craig (independent)
scott doherty,Scott Doherty
scott girardin,Scott Girardin (independent)
scott strom,Scott Strom (dropped out)
scott w cyrway,Scott Cyrway
sean f faircloth,Sean Faircloth
sean mahoney,Sean Mahoney
seven siegel,Seven Siegel
shanna cox,Shanna Cox
sharon c frost,Sharon Frost (independent)
shawn leroy lancaster,Shawn Lancaster
shawn m dixon,Shawn Dixon
shawn michael packard,Shawn Packard
shawn saindon,Shawn Saindon (independent)
sheila a lyman,Sheila Lyman
shenna bellows,Shenna Bellows (not on ballot)
sophia warren,Sophia Warren
stacey kay guerin,Stacey Guerin
stanley short jr,"Stanley Short, Jr. (dropped out)"
stephen carey,Stephen Carey (independent)
stephen j wood,Stephen Wood
steven butterfield,Steven Butterfield (not on ballot)
steven matthew bishop iv,Steven Bishop
steven mcgee,Steven McGee
susan bernard,Susan Bernard
susan fuller,Susan Fuller (dropped out)
suzanne c johnson,Suzanne Johnson
suzanne m salisbury,Suzanne Salisbury
suzanne r andresen,Suzanne Andresen
tammy l schmersalburgess,Tammy Schmersal-Burgess
tavis rock hasenfus,Tavis Hasenfus
taylor west,Taylor West
teresa s pierce,Teresa Pierce
thomas arthur lavigne,Thomas Lavigne
thomas hart,Thomas Hart
thomas watson,Thomas Watson (dropped out)
tiffany strout,Tiffany Strout
timothy becker,Timothy Becker
timothy conrad guerrette,Timothy Guerrette
timothy e nangle,Timothy Nangle
timothy nickels,Timothy Nickels (not on ballot)
timothy towne,Timothy Towne
todd michael davis,Todd Davis (independent)
tom keefe,Thomas Keefe (not on ballot)
traci l gere,Traci Gere
tracy lynn quint,Tracy Quint
trent vellella,Trent Vellella
trevor alex doiron,Trevor Doiron
troy dale jackson,Troy Jackson (not on ballot)
valli d geiger,Valli Geiger
vaughn j mclaughlin,Vaughn McLaughlin
victoria porter kornfield,Victoria Kornfield
vincent maietta,Vincent Maietta
w edward crockett,"Edward Crockett (independent, not on ballot)"
walter gerard jr runte,Walter Runte Jr.
wayne k farrin,Wayne Farrin
wayne parry,Wayne Parry
william j st michel,William St. Michel
william r bridgeo,William Bridgeo
william r tuell,William Tuell
woodleigh h hughes,Woodleigh Hughes
wyatt beaulieu,Wyatt Beaulieu
yusuf muse yusuf,Yusuf Yusuf
zachary anders wood,Zachary Wood (not on ballot)
zachary lejonhud,Zachary Lejonhud (independent)
