variant_name,canonical_name
"angus s. king, iii",angus s king iii
"charles hippler, iv",charles hippler iv
"david wayne boyer, jr.",david wayne boyer jr
"gary gene runnells, jr.",gary gene runnells jr
"john michael glowa, sr.",john michael glowa sr
"marc g. malon, ii",marc g malon ii
"marc malon, ii",marc g malon ii
adam lee,adam r lee
adam r. lee,adam r lee
alan orcutt,alan lee orcutt
alicia collins,alicia c collins
amanda collamore,amanda noelle collamore
amy d. kuhn,amy d kuhn
amy kuhn,amy d kuhn
amy roeder,amy j roeder
andrew gattine,andrew m gattine
andrew r. torbett,andrew r torbett
andrew torbett,andrew r torbett
angus king iii,angus s king iii
angus s iii king,angus s king iii
ann matlack,ann higgins matlack
anne graham,anne p graham
anne-marie mastraccio,annemarie mastraccio
anthony weaver,anthony m weaver
arlie hetrick jr.,arlie hetrick jr
arthur k. mingo,arthur k mingo
arthur mingo,arthur k mingo
barbara bagshaw,barbara a bagshaw
benjamin hymes,benjamin charles hymes
bernard porter,bernard robert porter
billy faulkingham,billy bob faulkingham
bradley moulton,bradley s moulton
brady clark,brady alden clark
brian j. blake,brian j blake
caleb chase,caleb joseph chase
caleb ness,caleb joshua ness
cassandra dove,cassandra anne dove
cassie julia,cassie l julia
chad perkins,chad richard perkins
charles tilburg,charles edward tilburg
cheryl golek,cheryl a golek
chester b. grover iii,chester b grover iii
chester grover iii,chester b iii grover
christina mitchell,christina rue cork mitchell
christopher austin,chris p austin
christopher lewey,christopher alfred lewey
clinton phinney jr.,clinton phinney jr
colleen oneal,colleen t oneal
craig hickman,craig v hickman
d ray,d michael ray
d. michael ray,d michael ray
dale crafts,dale john crafts
dani o'halloran,dani ohalloran
daniel ankeles,daniel joseph ankeles
danny costain,danny e costain
david boyer jr,david wayne jr boyer
david c. woodsome,david c woodsome
david g. haggan,david g haggan
david guilmette,david w guilmette
david h. mccrea,david h mccrea
david haggan,david g haggan
david jones,david john jones
david mccrea,david h mccrea
david sinclair,david a sinclair
dean a. cray,dean a cray
dean cray,dean a cray
dexter 'buzz' bridges,dexter buzz bridges
donald ardell,donald james ardell
douglas a. thomas,douglas a thomas
douglas carlisle jr,douglas colburn jr carlisle
douglas thomas,douglas a thomas
dr lucien daigle,lucien daigle
edwin m. mitchell,edwin m mitchell
elizabeth bosworth,elizabeth d bosworth
elizabeth d. bosworth,elizabeth d bosworth
eric small,eric h small
flavia debrito,flavia m debrito
flavia m. debrito,flavia m debrito
frank casella,frank joseph casella
garrett mason,garrett paul mason
glenn curry,glenn chip curry
gordon street,gordon powell street
grayson lookner,grayson benjamin lookner
guy lebida,guy m lebida
guy m. lebida,guy m lebida
h landry,h scott jr landry
harold iii stewart,harold trey l iii stewart
harold stewart iii,harold trey l iii stewart
henry ingwersen,henry l ingwersen
holly eaton,holly rae eaton
holly sargent,holly t sargent
irene gifford,irene a gifford
jacob wakem,jacob murray wakem
james delmas libby,james libby
james dill,james f dill
james f. dill,james f dill
james michaud,james michael michaud
james thorne,james e thorne
james white,james lee white
jamie newton,jamie k newton
janet inger beaudoin,janet beaudoin
jantzen craine,jantzen stephen craine
jason seth cherry,jason cherry
jeff timberlake,jeffrey timberlake
jeffrey adams,jeffrey sean adams
jennifer poirier,jennifer lynn poirier
jessica blanchard,jessica bonafine blanchard
jill c. duson,jill c duson
jill duson,jill c duson
jo-jean keller,jojean keller
joel stetkis,joel r stetkis
john ducharme iii,john e iii ducharme
john eder,john michael eder
john henkelman,john robert iii henkelman
jonathan fallon,jonathan reed fallon
jonathan kinney,jonathan l kinney
jonathan l. kinney,jonathan l kinney
joseph guerin,joseph paul guerin
joseph martin,joseph e martin
joseph mclaughlin,joseph milton mclaughlin
joshua d. gerritsen,joshua d gerritsen
joshua gerritsen,joshua d gerritsen
julia mccabe,julia a g mccabe
julie rakic,julie nicole rakic
karen montell,karen l montell
kati l. mccormick,kati l mccormick
kati mccormick,kati l mccormick
katrina couch ray-saulis,katrina couch raysaulis
katrina smith,katrina j smith
kelly murphy,kelly maureen noonan murphy
kenneth a. capron,kenneth a capron
kenneth cianchette,kenneth james cianchette
kenneth davis,kenneth davis jr
kenneth fredette,kenneth wade fredette
kerryl clement,kerryl lee clement
kiernan i majeruscollins,kiernan innes majeruscollins
kiernan innes majerus-collins,kiernan innes majeruscollins
kiernan majeruscollins,kiernan innes majeruscollins
kilton webb,kilton mccarthy webb
kimberly haggan,kimberly m haggan
kimberly j. pomerleau,kimberly j pomerleau
kimberly m. haggan,kimberly m haggan
kristin davis,kristin tyra davis
kristine a. poland,kristine a poland
laura supica,laura danielle supica
lawrence bessey,lawrence e jr bessey
leo kenney,leo christopher kenney
lucien jb daigle,lucien daigle
luke dylan jensen,luke jensen
lynn copeland,lynn holland copeland
mallory cook,mallory aaren cook
mana abdi,mana hared abdi
marc  edwards,marc edwards
marc boisse,marc anthony boisse
marc g ii malon,marc malon ii
marc ii malon,marc g ii malon
marc malon ii,marc g malon ii
mark c. cooper,mark c cooper
mark cooper,mark c cooper
mark zimmer,mark f zimmer
marygrace cimino,marygrace caroline cimino
mathew mcintyre,mathew david mcintyre
matthea daughtry,matthea elisabeth larsen daughtry
matthew a. harrington,matthew a harrington
matthew beck,matthew d beck
matthew d. beck,matthew d beck
matthew harrington,matthew a harrington
matthew townsend,matthew channing townsend
maura pillsbury,maura h pillsbury
melanie tompkins,melanie ann tompkins
michael cunningham ii,michael hobart cunningham ii
michael d. perkins,michael d perkins
michael flanagan,michael sweeny flanagan
michael h. lemelin,michael h lemelin
michael j. lance,michael j lance
michael j. nicholson,michael j nicholson
michael lance,michael j lance
michael lemelin,michael h lemelin
michael nicholson,michael j nicholson
michael perkins,michael d perkins
michael r. scott,michael r scott
michael scott,michael r scott
michael soboleski,michael arthur soboleski
michelle boyer,michelle n boyer
michelle conners,michelle kathryn conners
morgan rielly,morgan j rielly
nancy mcdowell-special,nancy mcdowellspecial
nancy theriault,nancy jean theriault
nathan carlow,nathan m carlow
nathan m. carlow,nathan m carlow
nicolas hamlin,nicolas john hamlin
nicole grohoski,nicole c grohoski
nina milliken,nina a milliken
pamela swift,pamela jo swift
parnell terry,parnell william terry
patrick jude,patrick a jude
paul flynn,paul r flynn
peter g. violette,peter g violette
peter j. southam,peter j southam
peter jenks,peter q jenks
peter q. jenks,peter q jenks
peter southam,peter j southam
peter violette,peter g violette
peter wood,peter conley wood
poppy arford,poppy t arford
r winslow,r melissa winslow
r. melissa winslow,r melissa winslow
rachel a. henderson,rachel a henderson
rachel henderson,rachel a henderson
rachel phipps,rachel mary phipps
rachel ross,rachel talbot ross
rafael macias,rafael leo macias
randall gauvin,randall douglas gauvin
randall greenwood,randall adam greenwood
ray thombs jr,ray alden jr thombs
reagan paul,reagan leeann paul
rebecca flood andrews,rebecca lynn flood andrews
richard campbell,richard h campbell
richard goldman,richard marc goldman
richard h. campbell,richard h campbell
robert a. foley,robert a foley
robert b. charles,robert b charles
robert charles,robert b charles
robert j. wessels,robert j wessels
robert sullebarger,robert finch sullebarger
robert wessels,robert j wessels
robin upton-sukeforth,robin uptonsukeforth
roger albert,roger clarence albert
roland martin,roland daniel martin
rolf arthur olsen jr.,rolf arthur olsen jr
rolf olsen jr,rolf arthur jr olsen
roy d gott,roy gott
ronald russell,ronald b russell
russell black,russell john black
russell white,russell p white
ryan fecteau,ryan m fecteau
ryan otis,ryan christopher otis
sally cluchey,sally jeane cluchey
samuel zager,samuel lewis zager
scott a. harriman,scott a harriman
scott cyrway,scott w cyrway
scott harriman,scott a harriman
sean f. faircloth,sean f faircloth
sean faircloth,sean f faircloth
shawn dixon,shawn m dixon
shawn lancaster,shawn leroy lancaster
shawn m. dixon,shawn m dixon
shawn packard,shawn michael packard
sheila lyman,sheila a lyman
stacey guerin,stacey kay guerin
stacey k guerin,stacey kay guerin
stephen wood,stephen j wood
steven bishop,steven matthew bishop
steven matthew bishop,steven matthew bishop iv
steven matthew iv bishop,steven matthew bishop
suzanne andresen,suzanne r andresen
suzanne johnson,suzanne c johnson
suzanne m. salisbury,suzanne m salisbury
suzanne r. andresen,suzanne r andresen
suzanne salisbury,suzanne m salisbury
tammy schmersal-burgess,tammy l schmersalburgess
tammy schmersalburgess,tammy l schmersalburgess
tavis hasenfus,tavis rock hasenfus
teresa pierce,teresa s pierce
thomas lavigne,thomas arthur lavigne
timothy guerrette,timothy c guerrette
timothy nangle,timothy e nangle
traci gere,traci l gere
tracy quint,tracy lynn quint
trevor doiron,trevor alex doiron
troy jackson,troy dale jackson
valli geiger,valli d geiger
vaughn mclaughlin,vaughn j mclaughlin
victoria kornfield,victoria porter kornfield
w. edward crockett,w edward crockett
walter runte jr,walter gerard jr runte
wayne farrin,wayne k farrin
wayne k. farrin,wayne k farrin
william bridgeo,william r bridgeo
william j. st. michel,william j st michel
william st michel,william j st michel
william tuell,william r tuell
woodleigh hughes,woodleigh h hughes
yusuf yusuf,yusuf muse yusuf
zachary wood,zachary anders wood
